[debug] [2026-07-27T03:23:08.833Z] ----------------------------------------------------------------------
[debug] [2026-07-27T03:23:08.835Z] Command:       C:\Program Files (x86)\nodejs\node.exe C:\Users\H4_kim\AppData\Roaming\npm\node_modules\firebase-tools\lib\bin\firebase.js deploy --only functions
[debug] [2026-07-27T03:23:08.836Z] CLI Version:   15.24.0
[debug] [2026-07-27T03:23:08.836Z] Platform:      win32
[debug] [2026-07-27T03:23:08.836Z] Node Version:  v20.19.5
[debug] [2026-07-27T03:23:08.836Z] Detected Agent: unknown
[debug] [2026-07-27T03:23:08.836Z] Time:          Mon Jul 27 2026 04:23:08 GMT+0100 (توقيت وسط أوروبا الرسمي)
[debug] [2026-07-27T03:23:08.836Z] ----------------------------------------------------------------------
[debug] 
[debug] [2026-07-27T03:23:10.313Z] > command requires scopes: ["email","openid","https://www.googleapis.com/auth/cloudplatformprojects.readonly","https://www.googleapis.com/auth/firebase","https://www.googleapis.com/auth/cloud-platform"]
[debug] [2026-07-27T03:23:10.314Z] > authorizing via signed-in user (hakimbmx88@gmail.com)
[debug] [2026-07-27T03:23:10.314Z] [iam] checking project lion-e7e25 for permissions ["cloudfunctions.functions.create","cloudfunctions.functions.delete","cloudfunctions.functions.get","cloudfunctions.functions.list","cloudfunctions.functions.update","cloudfunctions.operations.get","firebase.projects.get"]
[debug] [2026-07-27T03:23:10.315Z] Checked if tokens are valid: true, expires at: 1785124516750
[debug] [2026-07-27T03:23:10.316Z] Checked if tokens are valid: true, expires at: 1785124516750
[debug] [2026-07-27T03:23:10.316Z] >>> [apiv2][query] POST https://cloudresourcemanager.googleapis.com/v1/projects/lion-e7e25:testIamPermissions [none]
[debug] [2026-07-27T03:23:10.317Z] >>> [apiv2][(partial)header] POST https://cloudresourcemanager.googleapis.com/v1/projects/lion-e7e25:testIamPermissions  x-goog-user-project=lion-e7e25
[debug] [2026-07-27T03:23:10.317Z] >>> [apiv2][body] POST https://cloudresourcemanager.googleapis.com/v1/projects/lion-e7e25:testIamPermissions {"permissions":["cloudfunctions.functions.create","cloudfunctions.functions.delete","cloudfunctions.functions.get","cloudfunctions.functions.list","cloudfunctions.functions.update","cloudfunctions.operations.get","firebase.projects.get"]}
[debug] [2026-07-27T03:23:10.605Z] <<< [apiv2][status] POST https://cloudresourcemanager.googleapis.com/v1/projects/lion-e7e25:testIamPermissions 200
[debug] [2026-07-27T03:23:10.605Z] <<< [apiv2][body] POST https://cloudresourcemanager.googleapis.com/v1/projects/lion-e7e25:testIamPermissions {"permissions":["cloudfunctions.functions.create","cloudfunctions.functions.delete","cloudfunctions.functions.get","cloudfunctions.functions.list","cloudfunctions.functions.update","cloudfunctions.operations.get","firebase.projects.get"]}
[debug] [2026-07-27T03:23:10.606Z] Checked if tokens are valid: true, expires at: 1785124516750
[debug] [2026-07-27T03:23:10.606Z] Checked if tokens are valid: true, expires at: 1785124516750
[debug] [2026-07-27T03:23:10.606Z] >>> [apiv2][query] POST https://iam.googleapis.com/v1/projects/lion-e7e25/serviceAccounts/lion-e7e25@appspot.gserviceaccount.com:testIamPermissions [none]
[debug] [2026-07-27T03:23:10.606Z] >>> [apiv2][body] POST https://iam.googleapis.com/v1/projects/lion-e7e25/serviceAccounts/lion-e7e25@appspot.gserviceaccount.com:testIamPermissions {"permissions":["iam.serviceAccounts.actAs"]}
[debug] [2026-07-27T03:23:11.331Z] <<< [apiv2][status] POST https://iam.googleapis.com/v1/projects/lion-e7e25/serviceAccounts/lion-e7e25@appspot.gserviceaccount.com:testIamPermissions 404
[debug] [2026-07-27T03:23:11.331Z] <<< [apiv2][body] POST https://iam.googleapis.com/v1/projects/lion-e7e25/serviceAccounts/lion-e7e25@appspot.gserviceaccount.com:testIamPermissions {"error":{"code":404,"message":"Unknown service account","status":"NOT_FOUND"}}
[debug] [2026-07-27T03:23:11.332Z] [functions] service account IAM check errored, deploy may fail: Request to https://iam.googleapis.com/v1/projects/lion-e7e25/serviceAccounts/lion-e7e25@appspot.gserviceaccount.com:testIamPermissions had HTTP Error: 404, Unknown service account {"name":"FirebaseError","children":[],"context":{"body":{"error":{"code":404,"message":"Unknown service account","status":"NOT_FOUND"}},"response":{"statusCode":404}},"exit":1,"message":"Request to https://iam.googleapis.com/v1/projects/lion-e7e25/serviceAccounts/lion-e7e25@appspot.gserviceaccount.com:testIamPermissions had HTTP Error: 404, Unknown service account","status":404}
[info] 
[info] === Deploying to 'lion-e7e25'...
[info] 
[info] i  deploying functions 
[info] Running command: npm --prefix "$RESOURCE_DIR" run build
[info] +  functions: Finished running predeploy script. 
[debug] [2026-07-27T03:23:13.491Z] Checked if tokens are valid: true, expires at: 1785124516750
[debug] [2026-07-27T03:23:13.491Z] Checked if tokens are valid: true, expires at: 1785124516750
[debug] [2026-07-27T03:23:13.491Z] >>> [apiv2][query] GET https://cloudresourcemanager.googleapis.com/v1/projects/lion-e7e25 [none]
[debug] [2026-07-27T03:23:13.690Z] <<< [apiv2][status] GET https://cloudresourcemanager.googleapis.com/v1/projects/lion-e7e25 200
[debug] [2026-07-27T03:23:13.690Z] <<< [apiv2][body] GET https://cloudresourcemanager.googleapis.com/v1/projects/lion-e7e25 {"projectNumber":"411435734882","projectId":"lion-e7e25","lifecycleState":"ACTIVE","name":"Lion ","labels":{"firebase":"enabled","firebase-core":"disabled"},"createTime":"2026-07-24T20:06:16.002Z"}
[info] i  functions: preparing codebase default for deployment 
[info] i  functions: ensuring required API cloudfunctions.googleapis.com is enabled... 
[debug] [2026-07-27T03:23:13.692Z] Checked if tokens are valid: true, expires at: 1785124516750
[debug] [2026-07-27T03:23:13.692Z] Checked if tokens are valid: true, expires at: 1785124516750
[debug] [2026-07-27T03:23:13.692Z] Checked if tokens are valid: true, expires at: 1785124516750
[debug] [2026-07-27T03:23:13.692Z] Checked if tokens are valid: true, expires at: 1785124516750
[info] i  functions: ensuring required API cloudbuild.googleapis.com is enabled... 
[debug] [2026-07-27T03:23:13.693Z] Checked if tokens are valid: true, expires at: 1785124516750
[debug] [2026-07-27T03:23:13.694Z] Checked if tokens are valid: true, expires at: 1785124516750
[info] i  artifactregistry: ensuring required API artifactregistry.googleapis.com is enabled... 
[debug] [2026-07-27T03:23:13.694Z] Checked if tokens are valid: true, expires at: 1785124516750
[debug] [2026-07-27T03:23:13.695Z] Checked if tokens are valid: true, expires at: 1785124516750
[debug] [2026-07-27T03:23:13.695Z] >>> [apiv2][query] GET https://serviceusage.googleapis.com/v1/projects/lion-e7e25/services/cloudfunctions.googleapis.com [none]
[debug] [2026-07-27T03:23:13.695Z] >>> [apiv2][(partial)header] GET https://serviceusage.googleapis.com/v1/projects/lion-e7e25/services/cloudfunctions.googleapis.com  x-goog-user-project=lion-e7e25
[debug] [2026-07-27T03:23:13.697Z] >>> [apiv2][query] GET https://serviceusage.googleapis.com/v1/projects/lion-e7e25/services/runtimeconfig.googleapis.com [none]
[debug] [2026-07-27T03:23:13.697Z] >>> [apiv2][(partial)header] GET https://serviceusage.googleapis.com/v1/projects/lion-e7e25/services/runtimeconfig.googleapis.com  x-goog-user-project=lion-e7e25
[debug] [2026-07-27T03:23:13.699Z] >>> [apiv2][query] GET https://serviceusage.googleapis.com/v1/projects/lion-e7e25/services/cloudbuild.googleapis.com [none]
[debug] [2026-07-27T03:23:13.699Z] >>> [apiv2][(partial)header] GET https://serviceusage.googleapis.com/v1/projects/lion-e7e25/services/cloudbuild.googleapis.com  x-goog-user-project=lion-e7e25
[debug] [2026-07-27T03:23:13.700Z] >>> [apiv2][query] GET https://serviceusage.googleapis.com/v1/projects/lion-e7e25/services/artifactregistry.googleapis.com [none]
[debug] [2026-07-27T03:23:13.700Z] >>> [apiv2][(partial)header] GET https://serviceusage.googleapis.com/v1/projects/lion-e7e25/services/artifactregistry.googleapis.com  x-goog-user-project=lion-e7e25
[debug] [2026-07-27T03:23:14.529Z] <<< [apiv2][status] GET https://serviceusage.googleapis.com/v1/projects/lion-e7e25/services/cloudbuild.googleapis.com 200
[debug] [2026-07-27T03:23:14.530Z] <<< [apiv2][body] GET https://serviceusage.googleapis.com/v1/projects/lion-e7e25/services/cloudbuild.googleapis.com [omitted]
[warn] !  functions: missing required API cloudbuild.googleapis.com. Enabling now... 
[debug] [2026-07-27T03:23:14.531Z] Checked if tokens are valid: true, expires at: 1785124516750
[debug] [2026-07-27T03:23:14.531Z] Checked if tokens are valid: true, expires at: 1785124516750
[debug] [2026-07-27T03:23:14.531Z] >>> [apiv2][query] POST https://serviceusage.googleapis.com/v1/projects/lion-e7e25/services/cloudbuild.googleapis.com:enable [none]
[debug] [2026-07-27T03:23:14.531Z] >>> [apiv2][(partial)header] POST https://serviceusage.googleapis.com/v1/projects/lion-e7e25/services/cloudbuild.googleapis.com:enable  x-goog-user-project=lion-e7e25
[debug] [2026-07-27T03:23:14.713Z] <<< [apiv2][status] GET https://serviceusage.googleapis.com/v1/projects/lion-e7e25/services/cloudfunctions.googleapis.com 200
[debug] [2026-07-27T03:23:14.713Z] <<< [apiv2][body] GET https://serviceusage.googleapis.com/v1/projects/lion-e7e25/services/cloudfunctions.googleapis.com [omitted]
[info] +  functions: required API cloudfunctions.googleapis.com is enabled 
[debug] [2026-07-27T03:23:14.719Z] <<< [apiv2][status] GET https://serviceusage.googleapis.com/v1/projects/lion-e7e25/services/runtimeconfig.googleapis.com 200
[debug] [2026-07-27T03:23:14.719Z] <<< [apiv2][body] GET https://serviceusage.googleapis.com/v1/projects/lion-e7e25/services/runtimeconfig.googleapis.com [omitted]
[debug] [2026-07-27T03:23:14.735Z] <<< [apiv2][status] GET https://serviceusage.googleapis.com/v1/projects/lion-e7e25/services/artifactregistry.googleapis.com 200
[debug] [2026-07-27T03:23:14.735Z] <<< [apiv2][body] GET https://serviceusage.googleapis.com/v1/projects/lion-e7e25/services/artifactregistry.googleapis.com [omitted]
[warn] !  artifactregistry: missing required API artifactregistry.googleapis.com. Enabling now... 
[debug] [2026-07-27T03:23:14.735Z] Checked if tokens are valid: true, expires at: 1785124516750
[debug] [2026-07-27T03:23:14.735Z] Checked if tokens are valid: true, expires at: 1785124516750
[debug] [2026-07-27T03:23:14.735Z] >>> [apiv2][query] POST https://serviceusage.googleapis.com/v1/projects/lion-e7e25/services/artifactregistry.googleapis.com:enable [none]
[debug] [2026-07-27T03:23:14.736Z] >>> [apiv2][(partial)header] POST https://serviceusage.googleapis.com/v1/projects/lion-e7e25/services/artifactregistry.googleapis.com:enable  x-goog-user-project=lion-e7e25
[debug] [2026-07-27T03:23:15.870Z] <<< [apiv2][status] POST https://serviceusage.googleapis.com/v1/projects/lion-e7e25/services/cloudbuild.googleapis.com:enable 200
[debug] [2026-07-27T03:23:15.870Z] <<< [apiv2][body] POST https://serviceusage.googleapis.com/v1/projects/lion-e7e25/services/cloudbuild.googleapis.com:enable [omitted]
[debug] [2026-07-27T03:23:16.103Z] <<< [apiv2][status] POST https://serviceusage.googleapis.com/v1/projects/lion-e7e25/services/artifactregistry.googleapis.com:enable 200
[debug] [2026-07-27T03:23:16.103Z] <<< [apiv2][body] POST https://serviceusage.googleapis.com/v1/projects/lion-e7e25/services/artifactregistry.googleapis.com:enable [omitted]
[debug] [2026-07-27T03:23:26.110Z] Checked if tokens are valid: true, expires at: 1785124516750
[debug] [2026-07-27T03:23:26.110Z] Checked if tokens are valid: true, expires at: 1785124516750
[debug] [2026-07-27T03:23:26.110Z] >>> [apiv2][query] GET https://firebase.googleapis.com/v1beta1/projects/lion-e7e25/adminSdkConfig [none]
[debug] [2026-07-27T03:23:26.745Z] <<< [apiv2][status] GET https://firebase.googleapis.com/v1beta1/projects/lion-e7e25/adminSdkConfig 200
[debug] [2026-07-27T03:23:26.745Z] <<< [apiv2][body] GET https://firebase.googleapis.com/v1beta1/projects/lion-e7e25/adminSdkConfig {"projectId":"lion-e7e25","databaseURL":"https://lion-e7e25-default-rtdb.firebaseio.com","storageBucket":"lion-e7e25.firebasestorage.app"}
[debug] [2026-07-27T03:23:26.746Z] Checked if tokens are valid: true, expires at: 1785124516750
[debug] [2026-07-27T03:23:26.746Z] Checked if tokens are valid: true, expires at: 1785124516750
[debug] [2026-07-27T03:23:26.746Z] >>> [apiv2][query] GET https://runtimeconfig.googleapis.com/v1beta1/projects/lion-e7e25/configs [none]
[debug] [2026-07-27T03:23:27.041Z] <<< [apiv2][status] GET https://runtimeconfig.googleapis.com/v1beta1/projects/lion-e7e25/configs 200
[debug] [2026-07-27T03:23:27.041Z] <<< [apiv2][body] GET https://runtimeconfig.googleapis.com/v1beta1/projects/lion-e7e25/configs {}
[debug] [2026-07-27T03:23:27.042Z] Validating nodejs source
[debug] [2026-07-27T03:23:27.913Z] > [functions] package.json contents: {
  "name": "functions",
  "scripts": {
    "build": "tsc",
    "build:watch": "tsc --watch",
    "serve": "npm run build && firebase emulators:start --only functions",
    "shell": "npm run build && firebase functions:shell",
    "start": "npm run shell",
    "deploy": "firebase deploy --only functions",
    "logs": "firebase functions:log"
  },
  "engines": {
    "node": "24"
  },
  "main": "lib/index.js",
  "dependencies": {
    "axios": "^1.18.1",
    "firebase-admin": "^13.6.0",
    "firebase-functions": "^7.3.2"
  },
  "devDependencies": {
    "@types/node": "^26.1.1",
    "firebase-functions-test": "^3.4.1",
    "typescript": "^6.0.0"
  },
  "private": true
}
[debug] [2026-07-27T03:23:27.913Z] Building nodejs source
[info] i  functions: Loading and analyzing source code for codebase default to determine what to deploy 
[debug] [2026-07-27T03:23:27.914Z] Could not find functions.yaml. Must use http discovery
[debug] [2026-07-27T03:23:27.926Z] Found firebase-functions binary at 'C:\Users\H4_kim\Desktop\LION APP\functions\node_modules\.bin\firebase-functions'
[info] Serving at port 8361

[debug] [2026-07-27T03:23:28.550Z] Got response from /__/functions.yaml {"endpoints":{"submitWithdraw":{"availableMemoryMb":null,"timeoutSeconds":null,"minInstances":null,"maxInstances":null,"ingressSettings":null,"concurrency":null,"serviceAccountEmail":null,"vpc":null,"platform":"gcfv2","labels":{},"callableTrigger":{},"entryPoint":"submitWithdraw"},"submitDeposit":{"availableMemoryMb":null,"timeoutSeconds":null,"minInstances":null,"maxInstances":null,"ingressSettings":null,"concurrency":null,"serviceAccountEmail":null,"vpc":null,"platform":"gcfv2","labels":{},"callableTrigger":{},"entryPoint":"submitDeposit"},"processVideoTask":{"availableMemoryMb":null,"timeoutSeconds":null,"minInstances":null,"maxInstances":null,"ingressSettings":null,"concurrency":null,"serviceAccountEmail":null,"vpc":null,"platform":"gcfv2","labels":{},"callableTrigger":{},"entryPoint":"processVideoTask"},"checkPendingPassword":{"availableMemoryMb":null,"timeoutSeconds":null,"minInstances":null,"maxInstances":null,"ingressSettings":null,"concurrency":null,"serviceAccountEmail":null,"vpc":null,"platform":"gcfv2","labels":{},"callableTrigger":{},"entryPoint":"checkPendingPassword"},"adminApproveTransaction":{"availableMemoryMb":null,"timeoutSeconds":null,"minInstances":null,"maxInstances":null,"ingressSettings":null,"concurrency":null,"serviceAccountEmail":null,"vpc":null,"platform":"gcfv2","labels":{},"callableTrigger":{},"entryPoint":"adminApproveTransaction"},"adminRejectTransaction":{"availableMemoryMb":null,"timeoutSeconds":null,"minInstances":null,"maxInstances":null,"ingressSettings":null,"concurrency":null,"serviceAccountEmail":null,"vpc":null,"platform":"gcfv2","labels":{},"callableTrigger":{},"entryPoint":"adminRejectTransaction"},"adminUpdateUserProfile":{"availableMemoryMb":null,"timeoutSeconds":null,"minInstances":null,"maxInstances":null,"ingressSettings":null,"concurrency":null,"serviceAccountEmail":null,"vpc":null,"platform":"gcfv2","labels":{},"callableTrigger":{},"entryPoint":"adminUpdateUserProfile"}},"specVersion":"v1alpha1","requiredAPIs":[],"extensions":{}}
[debug] [2026-07-27T03:23:31.578Z] Checked if tokens are valid: true, expires at: 1785124516750
[debug] [2026-07-27T03:23:31.578Z] Checked if tokens are valid: true, expires at: 1785124516750
[debug] [2026-07-27T03:23:31.579Z] >>> [apiv2][query] GET https://cloudfunctions.googleapis.com/v1/projects/lion-e7e25/locations/-/functions [none]
[debug] [2026-07-27T03:23:32.206Z] <<< [apiv2][status] GET https://cloudfunctions.googleapis.com/v1/projects/lion-e7e25/locations/-/functions 200
[debug] [2026-07-27T03:23:32.206Z] <<< [apiv2][body] GET https://cloudfunctions.googleapis.com/v1/projects/lion-e7e25/locations/-/functions {}
[debug] [2026-07-27T03:23:32.207Z] Checked if tokens are valid: true, expires at: 1785124516750
[debug] [2026-07-27T03:23:32.207Z] Checked if tokens are valid: true, expires at: 1785124516750
[debug] [2026-07-27T03:23:32.207Z] >>> [apiv2][query] GET https://cloudfunctions.googleapis.com/v2/projects/lion-e7e25/locations/-/functions filter=environment%3D%22GEN_2%22
[debug] [2026-07-27T03:23:33.230Z] <<< [apiv2][status] GET https://cloudfunctions.googleapis.com/v2/projects/lion-e7e25/locations/-/functions 200
[debug] [2026-07-27T03:23:33.230Z] <<< [apiv2][body] GET https://cloudfunctions.googleapis.com/v2/projects/lion-e7e25/locations/-/functions {}
[info] i  extensions: ensuring required API firebaseextensions.googleapis.com is enabled... 
[debug] [2026-07-27T03:23:33.231Z] Checked if tokens are valid: true, expires at: 1785124516750
[debug] [2026-07-27T03:23:33.231Z] Checked if tokens are valid: true, expires at: 1785124516750
[debug] [2026-07-27T03:23:33.231Z] >>> [apiv2][query] GET https://serviceusage.googleapis.com/v1/projects/lion-e7e25/services/firebaseextensions.googleapis.com [none]
[debug] [2026-07-27T03:23:33.231Z] >>> [apiv2][(partial)header] GET https://serviceusage.googleapis.com/v1/projects/lion-e7e25/services/firebaseextensions.googleapis.com  x-goog-user-project=lion-e7e25
[debug] [2026-07-27T03:23:34.100Z] <<< [apiv2][status] GET https://serviceusage.googleapis.com/v1/projects/lion-e7e25/services/firebaseextensions.googleapis.com 200
[debug] [2026-07-27T03:23:34.100Z] <<< [apiv2][body] GET https://serviceusage.googleapis.com/v1/projects/lion-e7e25/services/firebaseextensions.googleapis.com [omitted]
[warn] !  extensions: missing required API firebaseextensions.googleapis.com. Enabling now... 
[debug] [2026-07-27T03:23:34.101Z] Checked if tokens are valid: true, expires at: 1785124516750
[debug] [2026-07-27T03:23:34.101Z] Checked if tokens are valid: true, expires at: 1785124516750
[debug] [2026-07-27T03:23:34.101Z] >>> [apiv2][query] POST https://serviceusage.googleapis.com/v1/projects/lion-e7e25/services/firebaseextensions.googleapis.com:enable [none]
[debug] [2026-07-27T03:23:34.101Z] >>> [apiv2][(partial)header] POST https://serviceusage.googleapis.com/v1/projects/lion-e7e25/services/firebaseextensions.googleapis.com:enable  x-goog-user-project=lion-e7e25
[debug] [2026-07-27T03:23:34.883Z] <<< [apiv2][status] POST https://serviceusage.googleapis.com/v1/projects/lion-e7e25/services/firebaseextensions.googleapis.com:enable 200
[debug] [2026-07-27T03:23:34.883Z] <<< [apiv2][body] POST https://serviceusage.googleapis.com/v1/projects/lion-e7e25/services/firebaseextensions.googleapis.com:enable [omitted]
[debug] [2026-07-27T03:23:44.890Z] > command requires scopes: ["email","openid","https://www.googleapis.com/auth/cloudplatformprojects.readonly","https://www.googleapis.com/auth/firebase","https://www.googleapis.com/auth/cloud-platform"]
[debug] [2026-07-27T03:23:44.890Z] > authorizing via signed-in user (hakimbmx88@gmail.com)
[debug] [2026-07-27T03:23:44.891Z] [iam] checking project lion-e7e25 for permissions ["firebase.projects.get","firebaseextensions.instances.list"]
[debug] [2026-07-27T03:23:44.891Z] Checked if tokens are valid: true, expires at: 1785124516750
[debug] [2026-07-27T03:23:44.891Z] Checked if tokens are valid: true, expires at: 1785124516750
[debug] [2026-07-27T03:23:44.891Z] >>> [apiv2][query] POST https://cloudresourcemanager.googleapis.com/v1/projects/lion-e7e25:testIamPermissions [none]
[debug] [2026-07-27T03:23:44.891Z] >>> [apiv2][(partial)header] POST https://cloudresourcemanager.googleapis.com/v1/projects/lion-e7e25:testIamPermissions  x-goog-user-project=lion-e7e25
[debug] [2026-07-27T03:23:44.891Z] >>> [apiv2][body] POST https://cloudresourcemanager.googleapis.com/v1/projects/lion-e7e25:testIamPermissions {"permissions":["firebase.projects.get","firebaseextensions.instances.list"]}
[debug] [2026-07-27T03:23:45.575Z] <<< [apiv2][status] POST https://cloudresourcemanager.googleapis.com/v1/projects/lion-e7e25:testIamPermissions 200
[debug] [2026-07-27T03:23:45.575Z] <<< [apiv2][body] POST https://cloudresourcemanager.googleapis.com/v1/projects/lion-e7e25:testIamPermissions {"permissions":["firebase.projects.get","firebaseextensions.instances.list"]}
[debug] [2026-07-27T03:23:45.575Z] Checked if tokens are valid: true, expires at: 1785124516750
[debug] [2026-07-27T03:23:45.575Z] Checked if tokens are valid: true, expires at: 1785124516750
[debug] [2026-07-27T03:23:45.575Z] >>> [apiv2][query] GET https://firebaseextensions.googleapis.com/v1beta/projects/lion-e7e25/instances pageSize=100&pageToken=
[debug] [2026-07-27T03:23:49.302Z] <<< [apiv2][status] GET https://firebaseextensions.googleapis.com/v1beta/projects/lion-e7e25/instances 200
[debug] [2026-07-27T03:23:49.302Z] <<< [apiv2][body] GET https://firebaseextensions.googleapis.com/v1beta/projects/lion-e7e25/instances {}
[info] i  functions: preparing functions directory for uploading... 
[info] i  functions: packaged C:\Users\H4_kim\Desktop\LION APP\functions (117.53 KB) for uploading 
[info] i  functions: ensuring required API run.googleapis.com is enabled... 
[debug] [2026-07-27T03:23:49.561Z] Checked if tokens are valid: true, expires at: 1785124516750
[debug] [2026-07-27T03:23:49.561Z] Checked if tokens are valid: true, expires at: 1785124516750
[info] i  functions: ensuring required API eventarc.googleapis.com is enabled... 
[debug] [2026-07-27T03:23:49.561Z] Checked if tokens are valid: true, expires at: 1785124516750
[debug] [2026-07-27T03:23:49.561Z] Checked if tokens are valid: true, expires at: 1785124516750
[info] i  functions: ensuring required API pubsub.googleapis.com is enabled... 
[debug] [2026-07-27T03:23:49.562Z] Checked if tokens are valid: true, expires at: 1785124516750
[debug] [2026-07-27T03:23:49.562Z] Checked if tokens are valid: true, expires at: 1785124516750
[info] i  functions: ensuring required API storage.googleapis.com is enabled... 
[debug] [2026-07-27T03:23:49.562Z] Checked if tokens are valid: true, expires at: 1785124516750
[debug] [2026-07-27T03:23:49.562Z] Checked if tokens are valid: true, expires at: 1785124516750
[debug] [2026-07-27T03:23:49.562Z] >>> [apiv2][query] GET https://serviceusage.googleapis.com/v1/projects/411435734882/services/run.googleapis.com [none]
[debug] [2026-07-27T03:23:49.562Z] >>> [apiv2][(partial)header] GET https://serviceusage.googleapis.com/v1/projects/411435734882/services/run.googleapis.com  x-goog-user-project=411435734882
[debug] [2026-07-27T03:23:49.564Z] >>> [apiv2][query] GET https://serviceusage.googleapis.com/v1/projects/411435734882/services/eventarc.googleapis.com [none]
[debug] [2026-07-27T03:23:49.564Z] >>> [apiv2][(partial)header] GET https://serviceusage.googleapis.com/v1/projects/411435734882/services/eventarc.googleapis.com  x-goog-user-project=411435734882
[debug] [2026-07-27T03:23:49.565Z] >>> [apiv2][query] GET https://serviceusage.googleapis.com/v1/projects/411435734882/services/pubsub.googleapis.com [none]
[debug] [2026-07-27T03:23:49.565Z] >>> [apiv2][(partial)header] GET https://serviceusage.googleapis.com/v1/projects/411435734882/services/pubsub.googleapis.com  x-goog-user-project=411435734882
[debug] [2026-07-27T03:23:49.567Z] >>> [apiv2][query] GET https://serviceusage.googleapis.com/v1/projects/411435734882/services/storage.googleapis.com [none]
[debug] [2026-07-27T03:23:49.567Z] >>> [apiv2][(partial)header] GET https://serviceusage.googleapis.com/v1/projects/411435734882/services/storage.googleapis.com  x-goog-user-project=411435734882
[debug] [2026-07-27T03:23:50.410Z] <<< [apiv2][status] GET https://serviceusage.googleapis.com/v1/projects/411435734882/services/pubsub.googleapis.com 200
[debug] [2026-07-27T03:23:50.410Z] <<< [apiv2][body] GET https://serviceusage.googleapis.com/v1/projects/411435734882/services/pubsub.googleapis.com [omitted]
[info] +  functions: required API pubsub.googleapis.com is enabled 
[debug] [2026-07-27T03:23:50.414Z] <<< [apiv2][status] GET https://serviceusage.googleapis.com/v1/projects/411435734882/services/run.googleapis.com 200
[debug] [2026-07-27T03:23:50.415Z] <<< [apiv2][body] GET https://serviceusage.googleapis.com/v1/projects/411435734882/services/run.googleapis.com [omitted]
[warn] !  functions: missing required API run.googleapis.com. Enabling now... 
[debug] [2026-07-27T03:23:50.415Z] Checked if tokens are valid: true, expires at: 1785124516750
[debug] [2026-07-27T03:23:50.415Z] Checked if tokens are valid: true, expires at: 1785124516750
[debug] [2026-07-27T03:23:50.415Z] >>> [apiv2][query] POST https://serviceusage.googleapis.com/v1/projects/411435734882/services/run.googleapis.com:enable [none]
[debug] [2026-07-27T03:23:50.415Z] >>> [apiv2][(partial)header] POST https://serviceusage.googleapis.com/v1/projects/411435734882/services/run.googleapis.com:enable  x-goog-user-project=411435734882
[debug] [2026-07-27T03:23:50.444Z] <<< [apiv2][status] GET https://serviceusage.googleapis.com/v1/projects/411435734882/services/storage.googleapis.com 200
[debug] [2026-07-27T03:23:50.444Z] <<< [apiv2][body] GET https://serviceusage.googleapis.com/v1/projects/411435734882/services/storage.googleapis.com [omitted]
[info] +  functions: required API storage.googleapis.com is enabled 
[debug] [2026-07-27T03:23:50.659Z] <<< [apiv2][status] GET https://serviceusage.googleapis.com/v1/projects/411435734882/services/eventarc.googleapis.com 200
[debug] [2026-07-27T03:23:50.659Z] <<< [apiv2][body] GET https://serviceusage.googleapis.com/v1/projects/411435734882/services/eventarc.googleapis.com [omitted]
[warn] !  functions: missing required API eventarc.googleapis.com. Enabling now... 
[debug] [2026-07-27T03:23:50.659Z] Checked if tokens are valid: true, expires at: 1785124516750
[debug] [2026-07-27T03:23:50.659Z] Checked if tokens are valid: true, expires at: 1785124516750
[debug] [2026-07-27T03:23:50.660Z] >>> [apiv2][query] POST https://serviceusage.googleapis.com/v1/projects/411435734882/services/eventarc.googleapis.com:enable [none]
[debug] [2026-07-27T03:23:50.660Z] >>> [apiv2][(partial)header] POST https://serviceusage.googleapis.com/v1/projects/411435734882/services/eventarc.googleapis.com:enable  x-goog-user-project=411435734882
[debug] [2026-07-27T03:23:51.620Z] <<< [apiv2][status] POST https://serviceusage.googleapis.com/v1/projects/411435734882/services/run.googleapis.com:enable 200
[debug] [2026-07-27T03:23:51.620Z] <<< [apiv2][body] POST https://serviceusage.googleapis.com/v1/projects/411435734882/services/run.googleapis.com:enable [omitted]
[debug] [2026-07-27T03:23:52.017Z] <<< [apiv2][status] POST https://serviceusage.googleapis.com/v1/projects/411435734882/services/eventarc.googleapis.com:enable 200
[debug] [2026-07-27T03:23:52.017Z] <<< [apiv2][body] POST https://serviceusage.googleapis.com/v1/projects/411435734882/services/eventarc.googleapis.com:enable [omitted]
[info] i  functions: generating the service identity for pubsub.googleapis.com... 
[debug] [2026-07-27T03:24:02.022Z] Checked if tokens are valid: true, expires at: 1785124516750
[debug] [2026-07-27T03:24:02.023Z] Checked if tokens are valid: true, expires at: 1785124516750
[info] i  functions: generating the service identity for eventarc.googleapis.com... 
[debug] [2026-07-27T03:24:02.023Z] Checked if tokens are valid: true, expires at: 1785124516750
[debug] [2026-07-27T03:24:02.023Z] Checked if tokens are valid: true, expires at: 1785124516750
[debug] [2026-07-27T03:24:02.023Z] >>> [apiv2][query] POST https://serviceusage.googleapis.com/v1beta1/projects/411435734882/services/pubsub.googleapis.com:generateServiceIdentity [none]
[debug] [2026-07-27T03:24:02.023Z] >>> [apiv2][(partial)header] POST https://serviceusage.googleapis.com/v1beta1/projects/411435734882/services/pubsub.googleapis.com:generateServiceIdentity  x-goog-user-project=411435734882
[debug] [2026-07-27T03:24:02.023Z] >>> [apiv2][body] POST https://serviceusage.googleapis.com/v1beta1/projects/411435734882/services/pubsub.googleapis.com:generateServiceIdentity {}
[debug] [2026-07-27T03:24:02.023Z] >>> [apiv2][query] POST https://serviceusage.googleapis.com/v1beta1/projects/411435734882/services/eventarc.googleapis.com:generateServiceIdentity [none]
[debug] [2026-07-27T03:24:02.023Z] >>> [apiv2][(partial)header] POST https://serviceusage.googleapis.com/v1beta1/projects/411435734882/services/eventarc.googleapis.com:generateServiceIdentity  x-goog-user-project=411435734882
[debug] [2026-07-27T03:24:02.023Z] >>> [apiv2][body] POST https://serviceusage.googleapis.com/v1beta1/projects/411435734882/services/eventarc.googleapis.com:generateServiceIdentity {}
[debug] [2026-07-27T03:24:03.260Z] <<< [apiv2][status] POST https://serviceusage.googleapis.com/v1beta1/projects/411435734882/services/pubsub.googleapis.com:generateServiceIdentity 200
[debug] [2026-07-27T03:24:03.260Z] <<< [apiv2][body] POST https://serviceusage.googleapis.com/v1beta1/projects/411435734882/services/pubsub.googleapis.com:generateServiceIdentity {"name":"operations/finished.DONE_OPERATION","done":true,"response":{"@type":"type.googleapis.com/google.api.serviceusage.v1beta1.ServiceIdentity","email":"service-411435734882@gcp-sa-pubsub.iam.gserviceaccount.com","uniqueId":"110544797180946421036"}}
[debug] [2026-07-27T03:24:03.274Z] <<< [apiv2][status] POST https://serviceusage.googleapis.com/v1beta1/projects/411435734882/services/eventarc.googleapis.com:generateServiceIdentity 200
[debug] [2026-07-27T03:24:03.274Z] <<< [apiv2][body] POST https://serviceusage.googleapis.com/v1beta1/projects/411435734882/services/eventarc.googleapis.com:generateServiceIdentity {"name":"operations/finished.DONE_OPERATION","done":true,"response":{"@type":"type.googleapis.com/google.api.serviceusage.v1beta1.ServiceIdentity","email":"service-411435734882@gcp-sa-eventarc.iam.gserviceaccount.com","uniqueId":"116634427995303252920"}}
[debug] [2026-07-27T03:24:03.275Z] Checked if tokens are valid: true, expires at: 1785124516750
[debug] [2026-07-27T03:24:03.276Z] Checked if tokens are valid: true, expires at: 1785124516750
[debug] [2026-07-27T03:24:03.276Z] >>> [apiv2][query] GET https://cloudresourcemanager.googleapis.com/v1/projects/lion-e7e25 [none]
[debug] [2026-07-27T03:24:03.565Z] <<< [apiv2][status] GET https://cloudresourcemanager.googleapis.com/v1/projects/lion-e7e25 200
[debug] [2026-07-27T03:24:03.565Z] <<< [apiv2][body] GET https://cloudresourcemanager.googleapis.com/v1/projects/lion-e7e25 {"projectNumber":"411435734882","projectId":"lion-e7e25","lifecycleState":"ACTIVE","name":"Lion ","labels":{"firebase":"enabled","firebase-core":"disabled"},"createTime":"2026-07-24T20:06:16.002Z"}
[debug] [2026-07-27T03:24:03.565Z] Checked if tokens are valid: true, expires at: 1785124516750
[debug] [2026-07-27T03:24:03.565Z] Checked if tokens are valid: true, expires at: 1785124516750
[debug] [2026-07-27T03:24:03.565Z] >>> [apiv2][query] GET https://compute.googleapis.com/compute/v1/projects/411435734882 [none]
[debug] [2026-07-27T03:24:03.868Z] <<< [apiv2][status] GET https://compute.googleapis.com/compute/v1/projects/411435734882 403
[debug] [2026-07-27T03:24:03.868Z] <<< [apiv2][body] GET https://compute.googleapis.com/compute/v1/projects/411435734882 {"error":{"code":403,"message":"Compute Engine API has not been used in project 411435734882 before or it is disabled. Enable it by visiting https://console.developers.google.com/apis/api/compute.googleapis.com/overview?project=411435734882 then retry. If you enabled this API recently, wait a few minutes for the action to propagate to our systems and retry.","errors":[{"message":"Compute Engine API has not been used in project 411435734882 before or it is disabled. Enable it by visiting https://console.developers.google.com/apis/api/compute.googleapis.com/overview?project=411435734882 then retry. If you enabled this API recently, wait a few minutes for the action to propagate to our systems and retry.","domain":"usageLimits","reason":"accessNotConfigured","extendedHelp":"https://console.developers.google.com"}],"status":"PERMISSION_DENIED","details":[{"@type":"type.googleapis.com/google.rpc.ErrorInfo","reason":"SERVICE_DISABLED","domain":"googleapis.com","metadata":{"service":"compute.googleapis.com","activationUrl":"https://console.developers.google.com/apis/api/compute.googleapis.com/overview?project=411435734882","serviceTitle":"Compute Engine API","consumer":"projects/411435734882","containerInfo":"411435734882"}},{"@type":"type.googleapis.com/google.rpc.LocalizedMessage","locale":"en-US","message":"Compute Engine API has not been used in project 411435734882 before or it is disabled. Enable it by visiting https://console.developers.google.com/apis/api/compute.googleapis.com/overview?project=411435734882 then retry. If you enabled this API recently, wait a few minutes for the action to propagate to our systems and retry."},{"@type":"type.googleapis.com/google.rpc.Help","links":[{"description":"Google developers console API activation","url":"https://console.developers.google.com/apis/api/compute.googleapis.com/overview?project=411435734882"}]}]}}
[debug] [2026-07-27T03:24:03.868Z] unable to look up default compute service account. Falling back to 411435734882-compute@developer.gserviceaccount.com. Error: {"name":"FirebaseError","children":[],"context":{"body":{"error":{"code":403,"message":"Compute Engine API has not been used in project 411435734882 before or it is disabled. Enable it by visiting https://console.developers.google.com/apis/api/compute.googleapis.com/overview?project=411435734882 then retry. If you enabled this API recently, wait a few minutes for the action to propagate to our systems and retry.","errors":[{"message":"Compute Engine API has not been used in project 411435734882 before or it is disabled. Enable it by visiting https://console.developers.google.com/apis/api/compute.googleapis.com/overview?project=411435734882 then retry. If you enabled this API recently, wait a few minutes for the action to propagate to our systems and retry.","domain":"usageLimits","reason":"accessNotConfigured","extendedHelp":"https://console.developers.google.com"}],"status":"PERMISSION_DENIED","details":[{"@type":"type.googleapis.com/google.rpc.ErrorInfo","reason":"SERVICE_DISABLED","domain":"googleapis.com","metadata":{"service":"compute.googleapis.com","activationUrl":"https://console.developers.google.com/apis/api/compute.googleapis.com/overview?project=411435734882","serviceTitle":"Compute Engine API","consumer":"projects/411435734882","containerInfo":"411435734882"}},{"@type":"type.googleapis.com/google.rpc.LocalizedMessage","locale":"en-US","message":"Compute Engine API has not been used in project 411435734882 before or it is disabled. Enable it by visiting https://console.developers.google.com/apis/api/compute.googleapis.com/overview?project=411435734882 then retry. If you enabled this API recently, wait a few minutes for the action to propagate to our systems and retry."},{"@type":"type.googleapis.com/google.rpc.Help","links":[{"description":"Google developers console API activation","url":"https://console.developers.google.com/apis/api/compute.googleapis.com/overview?project=411435734882"}]}]}},"response":{"statusCode":403}},"exit":1,"message":"Request to https://compute.googleapis.com/compute/v1/projects/411435734882 had HTTP Error: 403, Compute Engine API has not been used in project 411435734882 before or it is disabled. Enable it by visiting https://console.developers.google.com/apis/api/compute.googleapis.com/overview?project=411435734882 then retry. If you enabled this API recently, wait a few minutes for the action to propagate to our systems and retry.","status":403}
[debug] [2026-07-27T03:24:03.868Z] Checked if tokens are valid: true, expires at: 1785124516750
[debug] [2026-07-27T03:24:03.868Z] Checked if tokens are valid: true, expires at: 1785124516750
[debug] [2026-07-27T03:24:03.868Z] >>> [apiv2][query] GET https://compute.googleapis.com/compute/v1/projects/411435734882 [none]
[debug] [2026-07-27T03:24:04.075Z] <<< [apiv2][status] GET https://compute.googleapis.com/compute/v1/projects/411435734882 403
[debug] [2026-07-27T03:24:04.075Z] <<< [apiv2][body] GET https://compute.googleapis.com/compute/v1/projects/411435734882 {"error":{"code":403,"message":"Compute Engine API has not been used in project 411435734882 before or it is disabled. Enable it by visiting https://console.developers.google.com/apis/api/compute.googleapis.com/overview?project=411435734882 then retry. If you enabled this API recently, wait a few minutes for the action to propagate to our systems and retry.","errors":[{"message":"Compute Engine API has not been used in project 411435734882 before or it is disabled. Enable it by visiting https://console.developers.google.com/apis/api/compute.googleapis.com/overview?project=411435734882 then retry. If you enabled this API recently, wait a few minutes for the action to propagate to our systems and retry.","domain":"usageLimits","reason":"accessNotConfigured","extendedHelp":"https://console.developers.google.com"}],"status":"PERMISSION_DENIED","details":[{"@type":"type.googleapis.com/google.rpc.ErrorInfo","reason":"SERVICE_DISABLED","domain":"googleapis.com","metadata":{"service":"compute.googleapis.com","serviceTitle":"Compute Engine API","containerInfo":"411435734882","activationUrl":"https://console.developers.google.com/apis/api/compute.googleapis.com/overview?project=411435734882","consumer":"projects/411435734882"}},{"@type":"type.googleapis.com/google.rpc.LocalizedMessage","locale":"en-US","message":"Compute Engine API has not been used in project 411435734882 before or it is disabled. Enable it by visiting https://console.developers.google.com/apis/api/compute.googleapis.com/overview?project=411435734882 then retry. If you enabled this API recently, wait a few minutes for the action to propagate to our systems and retry."},{"@type":"type.googleapis.com/google.rpc.Help","links":[{"description":"Google developers console API activation","url":"https://console.developers.google.com/apis/api/compute.googleapis.com/overview?project=411435734882"}]}]}}
[debug] [2026-07-27T03:24:04.075Z] unable to look up default compute service account. Falling back to 411435734882-compute@developer.gserviceaccount.com. Error: {"name":"FirebaseError","children":[],"context":{"body":{"error":{"code":403,"message":"Compute Engine API has not been used in project 411435734882 before or it is disabled. Enable it by visiting https://console.developers.google.com/apis/api/compute.googleapis.com/overview?project=411435734882 then retry. If you enabled this API recently, wait a few minutes for the action to propagate to our systems and retry.","errors":[{"message":"Compute Engine API has not been used in project 411435734882 before or it is disabled. Enable it by visiting https://console.developers.google.com/apis/api/compute.googleapis.com/overview?project=411435734882 then retry. If you enabled this API recently, wait a few minutes for the action to propagate to our systems and retry.","domain":"usageLimits","reason":"accessNotConfigured","extendedHelp":"https://console.developers.google.com"}],"status":"PERMISSION_DENIED","details":[{"@type":"type.googleapis.com/google.rpc.ErrorInfo","reason":"SERVICE_DISABLED","domain":"googleapis.com","metadata":{"service":"compute.googleapis.com","serviceTitle":"Compute Engine API","containerInfo":"411435734882","activationUrl":"https://console.developers.google.com/apis/api/compute.googleapis.com/overview?project=411435734882","consumer":"projects/411435734882"}},{"@type":"type.googleapis.com/google.rpc.LocalizedMessage","locale":"en-US","message":"Compute Engine API has not been used in project 411435734882 before or it is disabled. Enable it by visiting https://console.developers.google.com/apis/api/compute.googleapis.com/overview?project=411435734882 then retry. If you enabled this API recently, wait a few minutes for the action to propagate to our systems and retry."},{"@type":"type.googleapis.com/google.rpc.Help","links":[{"description":"Google developers console API activation","url":"https://console.developers.google.com/apis/api/compute.googleapis.com/overview?project=411435734882"}]}]}},"response":{"statusCode":403}},"exit":1,"message":"Request to https://compute.googleapis.com/compute/v1/projects/411435734882 had HTTP Error: 403, Compute Engine API has not been used in project 411435734882 before or it is disabled. Enable it by visiting https://console.developers.google.com/apis/api/compute.googleapis.com/overview?project=411435734882 then retry. If you enabled this API recently, wait a few minutes for the action to propagate to our systems and retry.","status":403}
[debug] [2026-07-27T03:24:04.075Z] Checked if tokens are valid: true, expires at: 1785124516750
[debug] [2026-07-27T03:24:04.075Z] Checked if tokens are valid: true, expires at: 1785124516750
[debug] [2026-07-27T03:24:04.075Z] >>> [apiv2][query] GET https://compute.googleapis.com/compute/v1/projects/411435734882 [none]
[debug] [2026-07-27T03:24:04.260Z] <<< [apiv2][status] GET https://compute.googleapis.com/compute/v1/projects/411435734882 403
[debug] [2026-07-27T03:24:04.260Z] <<< [apiv2][body] GET https://compute.googleapis.com/compute/v1/projects/411435734882 {"error":{"code":403,"message":"Compute Engine API has not been used in project 411435734882 before or it is disabled. Enable it by visiting https://console.developers.google.com/apis/api/compute.googleapis.com/overview?project=411435734882 then retry. If you enabled this API recently, wait a few minutes for the action to propagate to our systems and retry.","errors":[{"message":"Compute Engine API has not been used in project 411435734882 before or it is disabled. Enable it by visiting https://console.developers.google.com/apis/api/compute.googleapis.com/overview?project=411435734882 then retry. If you enabled this API recently, wait a few minutes for the action to propagate to our systems and retry.","domain":"usageLimits","reason":"accessNotConfigured","extendedHelp":"https://console.developers.google.com"}],"status":"PERMISSION_DENIED","details":[{"@type":"type.googleapis.com/google.rpc.ErrorInfo","reason":"SERVICE_DISABLED","domain":"googleapis.com","metadata":{"serviceTitle":"Compute Engine API","consumer":"projects/411435734882","activationUrl":"https://console.developers.google.com/apis/api/compute.googleapis.com/overview?project=411435734882","service":"compute.googleapis.com","containerInfo":"411435734882"}},{"@type":"type.googleapis.com/google.rpc.LocalizedMessage","locale":"en-US","message":"Compute Engine API has not been used in project 411435734882 before or it is disabled. Enable it by visiting https://console.developers.google.com/apis/api/compute.googleapis.com/overview?project=411435734882 then retry. If you enabled this API recently, wait a few minutes for the action to propagate to our systems and retry."},{"@type":"type.googleapis.com/google.rpc.Help","links":[{"description":"Google developers console API activation","url":"https://console.developers.google.com/apis/api/compute.googleapis.com/overview?project=411435734882"}]}]}}
[debug] [2026-07-27T03:24:04.260Z] unable to look up default compute service account. Falling back to 411435734882-compute@developer.gserviceaccount.com. Error: {"name":"FirebaseError","children":[],"context":{"body":{"error":{"code":403,"message":"Compute Engine API has not been used in project 411435734882 before or it is disabled. Enable it by visiting https://console.developers.google.com/apis/api/compute.googleapis.com/overview?project=411435734882 then retry. If you enabled this API recently, wait a few minutes for the action to propagate to our systems and retry.","errors":[{"message":"Compute Engine API has not been used in project 411435734882 before or it is disabled. Enable it by visiting https://console.developers.google.com/apis/api/compute.googleapis.com/overview?project=411435734882 then retry. If you enabled this API recently, wait a few minutes for the action to propagate to our systems and retry.","domain":"usageLimits","reason":"accessNotConfigured","extendedHelp":"https://console.developers.google.com"}],"status":"PERMISSION_DENIED","details":[{"@type":"type.googleapis.com/google.rpc.ErrorInfo","reason":"SERVICE_DISABLED","domain":"googleapis.com","metadata":{"serviceTitle":"Compute Engine API","consumer":"projects/411435734882","activationUrl":"https://console.developers.google.com/apis/api/compute.googleapis.com/overview?project=411435734882","service":"compute.googleapis.com","containerInfo":"411435734882"}},{"@type":"type.googleapis.com/google.rpc.LocalizedMessage","locale":"en-US","message":"Compute Engine API has not been used in project 411435734882 before or it is disabled. Enable it by visiting https://console.developers.google.com/apis/api/compute.googleapis.com/overview?project=411435734882 then retry. If you enabled this API recently, wait a few minutes for the action to propagate to our systems and retry."},{"@type":"type.googleapis.com/google.rpc.Help","links":[{"description":"Google developers console API activation","url":"https://console.developers.google.com/apis/api/compute.googleapis.com/overview?project=411435734882"}]}]}},"response":{"statusCode":403}},"exit":1,"message":"Request to https://compute.googleapis.com/compute/v1/projects/411435734882 had HTTP Error: 403, Compute Engine API has not been used in project 411435734882 before or it is disabled. Enable it by visiting https://console.developers.google.com/apis/api/compute.googleapis.com/overview?project=411435734882 then retry. If you enabled this API recently, wait a few minutes for the action to propagate to our systems and retry.","status":403}
[debug] [2026-07-27T03:24:04.260Z] Checked if tokens are valid: true, expires at: 1785124516750
[debug] [2026-07-27T03:24:04.260Z] Checked if tokens are valid: true, expires at: 1785124516750
[debug] [2026-07-27T03:24:04.260Z] >>> [apiv2][query] GET https://compute.googleapis.com/compute/v1/projects/411435734882 [none]
[debug] [2026-07-27T03:24:04.421Z] <<< [apiv2][status] GET https://compute.googleapis.com/compute/v1/projects/411435734882 403
[debug] [2026-07-27T03:24:04.421Z] <<< [apiv2][body] GET https://compute.googleapis.com/compute/v1/projects/411435734882 {"error":{"code":403,"message":"Compute Engine API has not been used in project 411435734882 before or it is disabled. Enable it by visiting https://console.developers.google.com/apis/api/compute.googleapis.com/overview?project=411435734882 then retry. If you enabled this API recently, wait a few minutes for the action to propagate to our systems and retry.","errors":[{"message":"Compute Engine API has not been used in project 411435734882 before or it is disabled. Enable it by visiting https://console.developers.google.com/apis/api/compute.googleapis.com/overview?project=411435734882 then retry. If you enabled this API recently, wait a few minutes for the action to propagate to our systems and retry.","domain":"usageLimits","reason":"accessNotConfigured","extendedHelp":"https://console.developers.google.com"}],"status":"PERMISSION_DENIED","details":[{"@type":"type.googleapis.com/google.rpc.ErrorInfo","reason":"SERVICE_DISABLED","domain":"googleapis.com","metadata":{"service":"compute.googleapis.com","activationUrl":"https://console.developers.google.com/apis/api/compute.googleapis.com/overview?project=411435734882","consumer":"projects/411435734882","serviceTitle":"Compute Engine API","containerInfo":"411435734882"}},{"@type":"type.googleapis.com/google.rpc.LocalizedMessage","locale":"en-US","message":"Compute Engine API has not been used in project 411435734882 before or it is disabled. Enable it by visiting https://console.developers.google.com/apis/api/compute.googleapis.com/overview?project=411435734882 then retry. If you enabled this API recently, wait a few minutes for the action to propagate to our systems and retry."},{"@type":"type.googleapis.com/google.rpc.Help","links":[{"description":"Google developers console API activation","url":"https://console.developers.google.com/apis/api/compute.googleapis.com/overview?project=411435734882"}]}]}}
[debug] [2026-07-27T03:24:04.421Z] unable to look up default compute service account. Falling back to 411435734882-compute@developer.gserviceaccount.com. Error: {"name":"FirebaseError","children":[],"context":{"body":{"error":{"code":403,"message":"Compute Engine API has not been used in project 411435734882 before or it is disabled. Enable it by visiting https://console.developers.google.com/apis/api/compute.googleapis.com/overview?project=411435734882 then retry. If you enabled this API recently, wait a few minutes for the action to propagate to our systems and retry.","errors":[{"message":"Compute Engine API has not been used in project 411435734882 before or it is disabled. Enable it by visiting https://console.developers.google.com/apis/api/compute.googleapis.com/overview?project=411435734882 then retry. If you enabled this API recently, wait a few minutes for the action to propagate to our systems and retry.","domain":"usageLimits","reason":"accessNotConfigured","extendedHelp":"https://console.developers.google.com"}],"status":"PERMISSION_DENIED","details":[{"@type":"type.googleapis.com/google.rpc.ErrorInfo","reason":"SERVICE_DISABLED","domain":"googleapis.com","metadata":{"service":"compute.googleapis.com","activationUrl":"https://console.developers.google.com/apis/api/compute.googleapis.com/overview?project=411435734882","consumer":"projects/411435734882","serviceTitle":"Compute Engine API","containerInfo":"411435734882"}},{"@type":"type.googleapis.com/google.rpc.LocalizedMessage","locale":"en-US","message":"Compute Engine API has not been used in project 411435734882 before or it is disabled. Enable it by visiting https://console.developers.google.com/apis/api/compute.googleapis.com/overview?project=411435734882 then retry. If you enabled this API recently, wait a few minutes for the action to propagate to our systems and retry."},{"@type":"type.googleapis.com/google.rpc.Help","links":[{"description":"Google developers console API activation","url":"https://console.developers.google.com/apis/api/compute.googleapis.com/overview?project=411435734882"}]}]}},"response":{"statusCode":403}},"exit":1,"message":"Request to https://compute.googleapis.com/compute/v1/projects/411435734882 had HTTP Error: 403, Compute Engine API has not been used in project 411435734882 before or it is disabled. Enable it by visiting https://console.developers.google.com/apis/api/compute.googleapis.com/overview?project=411435734882 then retry. If you enabled this API recently, wait a few minutes for the action to propagate to our systems and retry.","status":403}
[debug] [2026-07-27T03:24:04.421Z] Checked if tokens are valid: true, expires at: 1785124516750
[debug] [2026-07-27T03:24:04.421Z] Checked if tokens are valid: true, expires at: 1785124516750
[debug] [2026-07-27T03:24:04.422Z] >>> [apiv2][query] GET https://compute.googleapis.com/compute/v1/projects/411435734882 [none]
[debug] [2026-07-27T03:24:05.066Z] <<< [apiv2][status] GET https://compute.googleapis.com/compute/v1/projects/411435734882 403
[debug] [2026-07-27T03:24:05.066Z] <<< [apiv2][body] GET https://compute.googleapis.com/compute/v1/projects/411435734882 {"error":{"code":403,"message":"Compute Engine API has not been used in project 411435734882 before or it is disabled. Enable it by visiting https://console.developers.google.com/apis/api/compute.googleapis.com/overview?project=411435734882 then retry. If you enabled this API recently, wait a few minutes for the action to propagate to our systems and retry.","errors":[{"message":"Compute Engine API has not been used in project 411435734882 before or it is disabled. Enable it by visiting https://console.developers.google.com/apis/api/compute.googleapis.com/overview?project=411435734882 then retry. If you enabled this API recently, wait a few minutes for the action to propagate to our systems and retry.","domain":"usageLimits","reason":"accessNotConfigured","extendedHelp":"https://console.developers.google.com"}],"status":"PERMISSION_DENIED","details":[{"@type":"type.googleapis.com/google.rpc.ErrorInfo","reason":"SERVICE_DISABLED","domain":"googleapis.com","metadata":{"activationUrl":"https://console.developers.google.com/apis/api/compute.googleapis.com/overview?project=411435734882","service":"compute.googleapis.com","serviceTitle":"Compute Engine API","consumer":"projects/411435734882","containerInfo":"411435734882"}},{"@type":"type.googleapis.com/google.rpc.LocalizedMessage","locale":"en-US","message":"Compute Engine API has not been used in project 411435734882 before or it is disabled. Enable it by visiting https://console.developers.google.com/apis/api/compute.googleapis.com/overview?project=411435734882 then retry. If you enabled this API recently, wait a few minutes for the action to propagate to our systems and retry."},{"@type":"type.googleapis.com/google.rpc.Help","links":[{"description":"Google developers console API activation","url":"https://console.developers.google.com/apis/api/compute.googleapis.com/overview?project=411435734882"}]}]}}
[debug] [2026-07-27T03:24:05.067Z] unable to look up default compute service account. Falling back to 411435734882-compute@developer.gserviceaccount.com. Error: {"name":"FirebaseError","children":[],"context":{"body":{"error":{"code":403,"message":"Compute Engine API has not been used in project 411435734882 before or it is disabled. Enable it by visiting https://console.developers.google.com/apis/api/compute.googleapis.com/overview?project=411435734882 then retry. If you enabled this API recently, wait a few minutes for the action to propagate to our systems and retry.","errors":[{"message":"Compute Engine API has not been used in project 411435734882 before or it is disabled. Enable it by visiting https://console.developers.google.com/apis/api/compute.googleapis.com/overview?project=411435734882 then retry. If you enabled this API recently, wait a few minutes for the action to propagate to our systems and retry.","domain":"usageLimits","reason":"accessNotConfigured","extendedHelp":"https://console.developers.google.com"}],"status":"PERMISSION_DENIED","details":[{"@type":"type.googleapis.com/google.rpc.ErrorInfo","reason":"SERVICE_DISABLED","domain":"googleapis.com","metadata":{"activationUrl":"https://console.developers.google.com/apis/api/compute.googleapis.com/overview?project=411435734882","service":"compute.googleapis.com","serviceTitle":"Compute Engine API","consumer":"projects/411435734882","containerInfo":"411435734882"}},{"@type":"type.googleapis.com/google.rpc.LocalizedMessage","locale":"en-US","message":"Compute Engine API has not been used in project 411435734882 before or it is disabled. Enable it by visiting https://console.developers.google.com/apis/api/compute.googleapis.com/overview?project=411435734882 then retry. If you enabled this API recently, wait a few minutes for the action to propagate to our systems and retry."},{"@type":"type.googleapis.com/google.rpc.Help","links":[{"description":"Google developers console API activation","url":"https://console.developers.google.com/apis/api/compute.googleapis.com/overview?project=411435734882"}]}]}},"response":{"statusCode":403}},"exit":1,"message":"Request to https://compute.googleapis.com/compute/v1/projects/411435734882 had HTTP Error: 403, Compute Engine API has not been used in project 411435734882 before or it is disabled. Enable it by visiting https://console.developers.google.com/apis/api/compute.googleapis.com/overview?project=411435734882 then retry. If you enabled this API recently, wait a few minutes for the action to propagate to our systems and retry.","status":403}
[debug] [2026-07-27T03:24:05.067Z] Checked if tokens are valid: true, expires at: 1785124516750
[debug] [2026-07-27T03:24:05.067Z] Checked if tokens are valid: true, expires at: 1785124516750
[debug] [2026-07-27T03:24:05.067Z] >>> [apiv2][query] GET https://compute.googleapis.com/compute/v1/projects/411435734882 [none]
[debug] [2026-07-27T03:24:05.262Z] <<< [apiv2][status] GET https://compute.googleapis.com/compute/v1/projects/411435734882 403
[debug] [2026-07-27T03:24:05.262Z] <<< [apiv2][body] GET https://compute.googleapis.com/compute/v1/projects/411435734882 {"error":{"code":403,"message":"Compute Engine API has not been used in project 411435734882 before or it is disabled. Enable it by visiting https://console.developers.google.com/apis/api/compute.googleapis.com/overview?project=411435734882 then retry. If you enabled this API recently, wait a few minutes for the action to propagate to our systems and retry.","errors":[{"message":"Compute Engine API has not been used in project 411435734882 before or it is disabled. Enable it by visiting https://console.developers.google.com/apis/api/compute.googleapis.com/overview?project=411435734882 then retry. If you enabled this API recently, wait a few minutes for the action to propagate to our systems and retry.","domain":"usageLimits","reason":"accessNotConfigured","extendedHelp":"https://console.developers.google.com"}],"status":"PERMISSION_DENIED","details":[{"@type":"type.googleapis.com/google.rpc.ErrorInfo","reason":"SERVICE_DISABLED","domain":"googleapis.com","metadata":{"consumer":"projects/411435734882","service":"compute.googleapis.com","serviceTitle":"Compute Engine API","containerInfo":"411435734882","activationUrl":"https://console.developers.google.com/apis/api/compute.googleapis.com/overview?project=411435734882"}},{"@type":"type.googleapis.com/google.rpc.LocalizedMessage","locale":"en-US","message":"Compute Engine API has not been used in project 411435734882 before or it is disabled. Enable it by visiting https://console.developers.google.com/apis/api/compute.googleapis.com/overview?project=411435734882 then retry. If you enabled this API recently, wait a few minutes for the action to propagate to our systems and retry."},{"@type":"type.googleapis.com/google.rpc.Help","links":[{"description":"Google developers console API activation","url":"https://console.developers.google.com/apis/api/compute.googleapis.com/overview?project=411435734882"}]}]}}
[debug] [2026-07-27T03:24:05.262Z] unable to look up default compute service account. Falling back to 411435734882-compute@developer.gserviceaccount.com. Error: {"name":"FirebaseError","children":[],"context":{"body":{"error":{"code":403,"message":"Compute Engine API has not been used in project 411435734882 before or it is disabled. Enable it by visiting https://console.developers.google.com/apis/api/compute.googleapis.com/overview?project=411435734882 then retry. If you enabled this API recently, wait a few minutes for the action to propagate to our systems and retry.","errors":[{"message":"Compute Engine API has not been used in project 411435734882 before or it is disabled. Enable it by visiting https://console.developers.google.com/apis/api/compute.googleapis.com/overview?project=411435734882 then retry. If you enabled this API recently, wait a few minutes for the action to propagate to our systems and retry.","domain":"usageLimits","reason":"accessNotConfigured","extendedHelp":"https://console.developers.google.com"}],"status":"PERMISSION_DENIED","details":[{"@type":"type.googleapis.com/google.rpc.ErrorInfo","reason":"SERVICE_DISABLED","domain":"googleapis.com","metadata":{"consumer":"projects/411435734882","service":"compute.googleapis.com","serviceTitle":"Compute Engine API","containerInfo":"411435734882","activationUrl":"https://console.developers.google.com/apis/api/compute.googleapis.com/overview?project=411435734882"}},{"@type":"type.googleapis.com/google.rpc.LocalizedMessage","locale":"en-US","message":"Compute Engine API has not been used in project 411435734882 before or it is disabled. Enable it by visiting https://console.developers.google.com/apis/api/compute.googleapis.com/overview?project=411435734882 then retry. If you enabled this API recently, wait a few minutes for the action to propagate to our systems and retry."},{"@type":"type.googleapis.com/google.rpc.Help","links":[{"description":"Google developers console API activation","url":"https://console.developers.google.com/apis/api/compute.googleapis.com/overview?project=411435734882"}]}]}},"response":{"statusCode":403}},"exit":1,"message":"Request to https://compute.googleapis.com/compute/v1/projects/411435734882 had HTTP Error: 403, Compute Engine API has not been used in project 411435734882 before or it is disabled. Enable it by visiting https://console.developers.google.com/apis/api/compute.googleapis.com/overview?project=411435734882 then retry. If you enabled this API recently, wait a few minutes for the action to propagate to our systems and retry.","status":403}
[debug] [2026-07-27T03:24:05.263Z] Checked if tokens are valid: true, expires at: 1785124516750
[debug] [2026-07-27T03:24:05.263Z] Checked if tokens are valid: true, expires at: 1785124516750
[debug] [2026-07-27T03:24:05.263Z] >>> [apiv2][query] GET https://compute.googleapis.com/compute/v1/projects/411435734882 [none]
[debug] [2026-07-27T03:24:05.459Z] <<< [apiv2][status] GET https://compute.googleapis.com/compute/v1/projects/411435734882 403
[debug] [2026-07-27T03:24:05.459Z] <<< [apiv2][body] GET https://compute.googleapis.com/compute/v1/projects/411435734882 {"error":{"code":403,"message":"Compute Engine API has not been used in project 411435734882 before or it is disabled. Enable it by visiting https://console.developers.google.com/apis/api/compute.googleapis.com/overview?project=411435734882 then retry. If you enabled this API recently, wait a few minutes for the action to propagate to our systems and retry.","errors":[{"message":"Compute Engine API has not been used in project 411435734882 before or it is disabled. Enable it by visiting https://console.developers.google.com/apis/api/compute.googleapis.com/overview?project=411435734882 then retry. If you enabled this API recently, wait a few minutes for the action to propagate to our systems and retry.","domain":"usageLimits","reason":"accessNotConfigured","extendedHelp":"https://console.developers.google.com"}],"status":"PERMISSION_DENIED","details":[{"@type":"type.googleapis.com/google.rpc.ErrorInfo","reason":"SERVICE_DISABLED","domain":"googleapis.com","metadata":{"consumer":"projects/411435734882","activationUrl":"https://console.developers.google.com/apis/api/compute.googleapis.com/overview?project=411435734882","service":"compute.googleapis.com","serviceTitle":"Compute Engine API","containerInfo":"411435734882"}},{"@type":"type.googleapis.com/google.rpc.LocalizedMessage","locale":"en-US","message":"Compute Engine API has not been used in project 411435734882 before or it is disabled. Enable it by visiting https://console.developers.google.com/apis/api/compute.googleapis.com/overview?project=411435734882 then retry. If you enabled this API recently, wait a few minutes for the action to propagate to our systems and retry."},{"@type":"type.googleapis.com/google.rpc.Help","links":[{"description":"Google developers console API activation","url":"https://console.developers.google.com/apis/api/compute.googleapis.com/overview?project=411435734882"}]}]}}
[debug] [2026-07-27T03:24:05.459Z] unable to look up default compute service account. Falling back to 411435734882-compute@developer.gserviceaccount.com. Error: {"name":"FirebaseError","children":[],"context":{"body":{"error":{"code":403,"message":"Compute Engine API has not been used in project 411435734882 before or it is disabled. Enable it by visiting https://console.developers.google.com/apis/api/compute.googleapis.com/overview?project=411435734882 then retry. If you enabled this API recently, wait a few minutes for the action to propagate to our systems and retry.","errors":[{"message":"Compute Engine API has not been used in project 411435734882 before or it is disabled. Enable it by visiting https://console.developers.google.com/apis/api/compute.googleapis.com/overview?project=411435734882 then retry. If you enabled this API recently, wait a few minutes for the action to propagate to our systems and retry.","domain":"usageLimits","reason":"accessNotConfigured","extendedHelp":"https://console.developers.google.com"}],"status":"PERMISSION_DENIED","details":[{"@type":"type.googleapis.com/google.rpc.ErrorInfo","reason":"SERVICE_DISABLED","domain":"googleapis.com","metadata":{"consumer":"projects/411435734882","activationUrl":"https://console.developers.google.com/apis/api/compute.googleapis.com/overview?project=411435734882","service":"compute.googleapis.com","serviceTitle":"Compute Engine API","containerInfo":"411435734882"}},{"@type":"type.googleapis.com/google.rpc.LocalizedMessage","locale":"en-US","message":"Compute Engine API has not been used in project 411435734882 before or it is disabled. Enable it by visiting https://console.developers.google.com/apis/api/compute.googleapis.com/overview?project=411435734882 then retry. If you enabled this API recently, wait a few minutes for the action to propagate to our systems and retry."},{"@type":"type.googleapis.com/google.rpc.Help","links":[{"description":"Google developers console API activation","url":"https://console.developers.google.com/apis/api/compute.googleapis.com/overview?project=411435734882"}]}]}},"response":{"statusCode":403}},"exit":1,"message":"Request to https://compute.googleapis.com/compute/v1/projects/411435734882 had HTTP Error: 403, Compute Engine API has not been used in project 411435734882 before or it is disabled. Enable it by visiting https://console.developers.google.com/apis/api/compute.googleapis.com/overview?project=411435734882 then retry. If you enabled this API recently, wait a few minutes for the action to propagate to our systems and retry.","status":403}
[debug] [2026-07-27T03:24:05.460Z] Checked if tokens are valid: true, expires at: 1785124516750
[debug] [2026-07-27T03:24:05.460Z] Checked if tokens are valid: true, expires at: 1785124516750
[debug] [2026-07-27T03:24:05.461Z] >>> [apiv2][query] GET https://serviceusage.googleapis.com/v1/projects/lion-e7e25/services/cloudbilling.googleapis.com [none]
[debug] [2026-07-27T03:24:05.461Z] >>> [apiv2][(partial)header] GET https://serviceusage.googleapis.com/v1/projects/lion-e7e25/services/cloudbilling.googleapis.com  x-goog-user-project=lion-e7e25
[debug] [2026-07-27T03:24:06.223Z] <<< [apiv2][status] GET https://serviceusage.googleapis.com/v1/projects/lion-e7e25/services/cloudbilling.googleapis.com 200
[debug] [2026-07-27T03:24:06.223Z] <<< [apiv2][body] GET https://serviceusage.googleapis.com/v1/projects/lion-e7e25/services/cloudbilling.googleapis.com [omitted]
[debug] [2026-07-27T03:24:06.223Z] Checked if tokens are valid: true, expires at: 1785124516750
[debug] [2026-07-27T03:24:06.223Z] Checked if tokens are valid: true, expires at: 1785124516750
[debug] [2026-07-27T03:24:06.223Z] >>> [apiv2][query] POST https://serviceusage.googleapis.com/v1/projects/lion-e7e25/services/cloudbilling.googleapis.com:enable [none]
[debug] [2026-07-27T03:24:06.223Z] >>> [apiv2][(partial)header] POST https://serviceusage.googleapis.com/v1/projects/lion-e7e25/services/cloudbilling.googleapis.com:enable  x-goog-user-project=lion-e7e25
[debug] [2026-07-27T03:24:07.006Z] <<< [apiv2][status] POST https://serviceusage.googleapis.com/v1/projects/lion-e7e25/services/cloudbilling.googleapis.com:enable 200
[debug] [2026-07-27T03:24:07.006Z] <<< [apiv2][body] POST https://serviceusage.googleapis.com/v1/projects/lion-e7e25/services/cloudbilling.googleapis.com:enable [omitted]
[debug] [2026-07-27T03:24:17.012Z] Checked if tokens are valid: true, expires at: 1785124516750
[debug] [2026-07-27T03:24:17.012Z] Checked if tokens are valid: true, expires at: 1785124516750
[debug] [2026-07-27T03:24:17.012Z] >>> [apiv2][query] GET https://cloudbilling.googleapis.com/v1/projects/lion-e7e25/billingInfo [none]
[debug] [2026-07-27T03:24:17.012Z] >>> [apiv2][(partial)header] GET https://cloudbilling.googleapis.com/v1/projects/lion-e7e25/billingInfo  x-goog-user-project=lion-e7e25
[debug] [2026-07-27T03:24:17.387Z] <<< [apiv2][status] GET https://cloudbilling.googleapis.com/v1/projects/lion-e7e25/billingInfo 200
[debug] [2026-07-27T03:24:17.387Z] <<< [apiv2][body] GET https://cloudbilling.googleapis.com/v1/projects/lion-e7e25/billingInfo {"name":"projects/lion-e7e25/billingInfo","projectId":"lion-e7e25","billingAccountName":"billingAccounts/011AF8-4E2022-CA37D1","billingEnabled":true}
[debug] [2026-07-27T03:24:17.388Z] Checked if tokens are valid: true, expires at: 1785124516750
[debug] [2026-07-27T03:24:17.388Z] Checked if tokens are valid: true, expires at: 1785124516750
[debug] [2026-07-27T03:24:17.388Z] >>> [apiv2][query] POST https://cloudfunctions.googleapis.com/v2/projects/lion-e7e25/locations/us-central1/functions:generateUploadUrl [none]
[debug] [2026-07-27T03:24:20.044Z] <<< [apiv2][status] POST https://cloudfunctions.googleapis.com/v2/projects/lion-e7e25/locations/us-central1/functions:generateUploadUrl 200
[debug] [2026-07-27T03:24:20.044Z] <<< [apiv2][body] POST https://cloudfunctions.googleapis.com/v2/projects/lion-e7e25/locations/us-central1/functions:generateUploadUrl {"uploadUrl":"https://storage.googleapis.com/gcf-v2-uploads-411435734882.us-central1.cloudfunctions.appspot.com/c26c8f08-c1df-40a9-b15a-b9987f45e51d.zip?GoogleAccessId=service-411435734882@gcf-admin-robot.iam.gserviceaccount.com&Expires=1785124546&Signature=dMICOHhS%2FLbYEWQg7h3G3rHpEfFEg8l6u3cqJiSh%2BXQ0K1%2FZzphJlUzmLrpAV0umw6U5lne5TyTHmLRSHTTtX%2BhzZpsQn20mC3U1OmxfteledQKGfW6a1k3aLCRMqdeCB3m7O9pYdJGWMHIdmsy7KC31AbTTUpcEUdmKGdGDCBe%2FmhCXPjO8sBY0HAj90N1jDfa86lJeYEXuX0aO8%2BQ7vpNw47%2B90yPK4giNmWi%2BYatf1jBF5vCkaQaLtTQDU8y%2FulP4ru2i75mQqfDx1yfwpB0AzXUvAw2ggCtNCXkVigsic8gSMS04vVqZgp1VHF1cZfGuBqdG8tavz%2FYyeMhs%2BQ%3D%3D","storageSource":{"bucket":"gcf-v2-uploads-411435734882.us-central1.cloudfunctions.appspot.com","object":"c26c8f08-c1df-40a9-b15a-b9987f45e51d.zip"}}
[debug] [2026-07-27T03:24:20.044Z] >>> [apiv2][query] PUT https://storage.googleapis.com/gcf-v2-uploads-411435734882.us-central1.cloudfunctions.appspot.com/c26c8f08-c1df-40a9-b15a-b9987f45e51d.zip GoogleAccessId=service-411435734882%40gcf-admin-robot.iam.gserviceaccount.com&Expires=1785124546&Signature=dMICOHhS%2FLbYEWQg7h3G3rHpEfFEg8l6u3cqJiSh%2BXQ0K1%2FZzphJlUzmLrpAV0umw6U5lne5TyTHmLRSHTTtX%2BhzZpsQn20mC3U1OmxfteledQKGfW6a1k3aLCRMqdeCB3m7O9pYdJGWMHIdmsy7KC31AbTTUpcEUdmKGdGDCBe%2FmhCXPjO8sBY0HAj90N1jDfa86lJeYEXuX0aO8%2BQ7vpNw47%2B90yPK4giNmWi%2BYatf1jBF5vCkaQaLtTQDU8y%2FulP4ru2i75mQqfDx1yfwpB0AzXUvAw2ggCtNCXkVigsic8gSMS04vVqZgp1VHF1cZfGuBqdG8tavz%2FYyeMhs%2BQ%3D%3D
[debug] [2026-07-27T03:24:20.044Z] >>> [apiv2][body] PUT https://storage.googleapis.com/gcf-v2-uploads-411435734882.us-central1.cloudfunctions.appspot.com/c26c8f08-c1df-40a9-b15a-b9987f45e51d.zip [stream]
[debug] [2026-07-27T03:24:20.803Z] <<< [apiv2][status] PUT https://storage.googleapis.com/gcf-v2-uploads-411435734882.us-central1.cloudfunctions.appspot.com/c26c8f08-c1df-40a9-b15a-b9987f45e51d.zip 200
[debug] [2026-07-27T03:24:20.803Z] <<< [apiv2][body] PUT https://storage.googleapis.com/gcf-v2-uploads-411435734882.us-central1.cloudfunctions.appspot.com/c26c8f08-c1df-40a9-b15a-b9987f45e51d.zip [omitted]
[info] +  functions: functions source uploaded successfully 
[info] i  functions: creating Node.js 24 (2nd Gen) function submitWithdraw(us-central1)... 
[info] i  functions: creating Node.js 24 (2nd Gen) function submitDeposit(us-central1)... 
[info] i  functions: creating Node.js 24 (2nd Gen) function processVideoTask(us-central1)... 
[info] i  functions: creating Node.js 24 (2nd Gen) function checkPendingPassword(us-central1)... 
[info] i  functions: creating Node.js 24 (2nd Gen) function adminApproveTransaction(us-central1)... 
[info] i  functions: creating Node.js 24 (2nd Gen) function adminRejectTransaction(us-central1)... 
[info] i  functions: creating Node.js 24 (2nd Gen) function adminUpdateUserProfile(us-central1)... 
[debug] [2026-07-27T03:24:20.808Z] Checked if tokens are valid: true, expires at: 1785124516750
[debug] [2026-07-27T03:24:20.808Z] Checked if tokens are valid: true, expires at: 1785124516750
[debug] [2026-07-27T03:24:20.808Z] >>> [apiv2][query] POST https://cloudfunctions.googleapis.com/v2/projects/lion-e7e25/locations/us-central1/functions functionId=submitWithdraw
[debug] [2026-07-27T03:24:20.808Z] >>> [apiv2][body] POST https://cloudfunctions.googleapis.com/v2/projects/lion-e7e25/locations/us-central1/functions {"name":"projects/lion-e7e25/locations/us-central1/functions/submitWithdraw","buildConfig":{"runtime":"nodejs24","entryPoint":"submitWithdraw","source":{"storageSource":{"bucket":"gcf-v2-uploads-411435734882.us-central1.cloudfunctions.appspot.com","object":"c26c8f08-c1df-40a9-b15a-b9987f45e51d.zip"}},"environmentVariables":{"GOOGLE_NODE_RUN_SCRIPTS":""}},"serviceConfig":{"environmentVariables":{"FIREBASE_CONFIG":"{\"projectId\":\"lion-e7e25\",\"databaseURL\":\"https://lion-e7e25-default-rtdb.firebaseio.com\",\"storageBucket\":\"lion-e7e25.firebasestorage.app\"}","GCLOUD_PROJECT":"lion-e7e25","EVENTARC_CLOUD_EVENT_SOURCE":"projects/lion-e7e25/locations/us-central1/services/submitWithdraw","FUNCTION_TARGET":"submitWithdraw","LOG_EXECUTION_ID":"true"},"ingressSettings":null,"timeoutSeconds":null,"serviceAccountEmail":null,"availableMemory":"256Mi","minInstanceCount":null,"maxInstanceCount":null,"maxInstanceRequestConcurrency":80,"availableCpu":"1","vpcConnector":null,"vpcConnectorEgressSettings":null,"directVpcNetworkInterface":null,"directVpcEgress":null},"labels":{"deployment-tool":"cli-firebase","deployment-callable":"true","firebase-functions-hash":"165a4ea733c830275c731091a192864a0491126e"}}
[debug] [2026-07-27T03:24:24.038Z] <<< [apiv2][status] POST https://cloudfunctions.googleapis.com/v2/projects/lion-e7e25/locations/us-central1/functions 200
[debug] [2026-07-27T03:24:24.038Z] <<< [apiv2][body] POST https://cloudfunctions.googleapis.com/v2/projects/lion-e7e25/locations/us-central1/functions {"name":"projects/lion-e7e25/locations/us-central1/operations/operation-1785122748214-6578f4749ae0b-a641bf5b-ecba2ea9","metadata":{"@type":"type.googleapis.com/google.cloud.functions.v2.OperationMetadata","createTime":"2026-07-27T03:25:50.737552372Z","target":"projects/lion-e7e25/locations/us-central1/functions/submitWithdraw","verb":"create","cancelRequested":false,"apiVersion":"v2"},"done":false}
[debug] [2026-07-27T03:24:24.039Z] Checked if tokens are valid: true, expires at: 1785124516750
[debug] [2026-07-27T03:24:24.039Z] Checked if tokens are valid: true, expires at: 1785124516750
[debug] [2026-07-27T03:24:24.039Z] >>> [apiv2][query] GET https://cloudfunctions.googleapis.com/v2/projects/lion-e7e25/locations/us-central1/operations/operation-1785122748214-6578f4749ae0b-a641bf5b-ecba2ea9 [none]
[debug] [2026-07-27T03:24:24.743Z] <<< [apiv2][status] GET https://cloudfunctions.googleapis.com/v2/projects/lion-e7e25/locations/us-central1/operations/operation-1785122748214-6578f4749ae0b-a641bf5b-ecba2ea9 200
[debug] [2026-07-27T03:24:24.743Z] <<< [apiv2][body] GET https://cloudfunctions.googleapis.com/v2/projects/lion-e7e25/locations/us-central1/operations/operation-1785122748214-6578f4749ae0b-a641bf5b-ecba2ea9 {"name":"projects/lion-e7e25/locations/us-central1/operations/operation-1785122748214-6578f4749ae0b-a641bf5b-ecba2ea9","metadata":{"@type":"type.googleapis.com/google.cloud.functions.v2.OperationMetadata","createTime":"2026-07-27T03:25:50.737552372Z","target":"projects/lion-e7e25/locations/us-central1/functions/submitWithdraw","verb":"create","cancelRequested":false,"apiVersion":"v2","requestResource":{"@type":"type.googleapis.com/google.cloud.functions.v2.Function","name":"projects/lion-e7e25/locations/us-central1/functions/submitWithdraw","buildConfig":{"runtime":"nodejs24","entryPoint":"submitWithdraw","source":{"storageSource":{"bucket":"gcf-v2-sources-411435734882-us-central1","object":"submitWithdraw/function-source.zip","generation":"1785122749329853"}},"environmentVariables":{"GOOGLE_NODE_RUN_SCRIPTS":""},"serviceAccount":"projects/lion-e7e25/serviceAccounts/411435734882-compute@developer.gserviceaccount.com","automaticUpdatePolicy":{}},"serviceConfig":{"service":"projects/lion-e7e25/locations/us-central1/services/submitwithdraw","timeoutSeconds":60,"environmentVariables":{"FIREBASE_CONFIG":"{\"projectId\":\"lion-e7e25\",\"databaseURL\":\"https://lion-e7e25-default-rtdb.firebaseio.com\",\"storageBucket\":\"lion-e7e25.firebasestorage.app\"}","GCLOUD_PROJECT":"lion-e7e25","EVENTARC_CLOUD_EVENT_SOURCE":"projects/lion-e7e25/locations/us-central1/services/submitWithdraw","FUNCTION_TARGET":"submitWithdraw","LOG_EXECUTION_ID":"true"},"ingressSettings":"ALLOW_ALL","serviceAccountEmail":"411435734882-compute@developer.gserviceaccount.com","availableMemory":"256Mi","maxInstanceRequestConcurrency":80,"availableCpu":"1"},"labels":{"deployment-tool":"cli-firebase","deployment-callable":"true","firebase-functions-hash":"165a4ea733c830275c731091a192864a0491126e"},"environment":"GEN_2"},"stages":[{"name":"BUILD","state":"NOT_STARTED"},{"name":"SERVICE","state":"NOT_STARTED"}],"operationType":"CREATE_FUNCTION"},"done":false}
[debug] [2026-07-27T03:24:25.245Z] [create-default-us-central1-submitWithdraw] Retrying task index 0
[debug] [2026-07-27T03:24:25.245Z] Checked if tokens are valid: true, expires at: 1785124516750
[debug] [2026-07-27T03:24:25.245Z] Checked if tokens are valid: true, expires at: 1785124516750
[debug] [2026-07-27T03:24:25.245Z] >>> [apiv2][query] GET https://cloudfunctions.googleapis.com/v2/projects/lion-e7e25/locations/us-central1/operations/operation-1785122748214-6578f4749ae0b-a641bf5b-ecba2ea9 [none]
[debug] [2026-07-27T03:24:25.960Z] <<< [apiv2][status] GET https://cloudfunctions.googleapis.com/v2/projects/lion-e7e25/locations/us-central1/operations/operation-1785122748214-6578f4749ae0b-a641bf5b-ecba2ea9 200
[debug] [2026-07-27T03:24:25.960Z] <<< [apiv2][body] GET https://cloudfunctions.googleapis.com/v2/projects/lion-e7e25/locations/us-central1/operations/operation-1785122748214-6578f4749ae0b-a641bf5b-ecba2ea9 {"name":"projects/lion-e7e25/locations/us-central1/operations/operation-1785122748214-6578f4749ae0b-a641bf5b-ecba2ea9","metadata":{"@type":"type.googleapis.com/google.cloud.functions.v2.OperationMetadata","createTime":"2026-07-27T03:25:50.737552372Z","target":"projects/lion-e7e25/locations/us-central1/functions/submitWithdraw","verb":"create","cancelRequested":false,"apiVersion":"v2","requestResource":{"@type":"type.googleapis.com/google.cloud.functions.v2.Function","name":"projects/lion-e7e25/locations/us-central1/functions/submitWithdraw","buildConfig":{"runtime":"nodejs24","entryPoint":"submitWithdraw","source":{"storageSource":{"bucket":"gcf-v2-sources-411435734882-us-central1","object":"submitWithdraw/function-source.zip","generation":"1785122749329853"}},"environmentVariables":{"GOOGLE_NODE_RUN_SCRIPTS":""},"serviceAccount":"projects/lion-e7e25/serviceAccounts/411435734882-compute@developer.gserviceaccount.com","automaticUpdatePolicy":{}},"serviceConfig":{"service":"projects/lion-e7e25/locations/us-central1/services/submitwithdraw","timeoutSeconds":60,"environmentVariables":{"FIREBASE_CONFIG":"{\"projectId\":\"lion-e7e25\",\"databaseURL\":\"https://lion-e7e25-default-rtdb.firebaseio.com\",\"storageBucket\":\"lion-e7e25.firebasestorage.app\"}","GCLOUD_PROJECT":"lion-e7e25","EVENTARC_CLOUD_EVENT_SOURCE":"projects/lion-e7e25/locations/us-central1/services/submitWithdraw","FUNCTION_TARGET":"submitWithdraw","LOG_EXECUTION_ID":"true"},"ingressSettings":"ALLOW_ALL","serviceAccountEmail":"411435734882-compute@developer.gserviceaccount.com","availableMemory":"256Mi","maxInstanceRequestConcurrency":80,"availableCpu":"1"},"labels":{"deployment-tool":"cli-firebase","deployment-callable":"true","firebase-functions-hash":"165a4ea733c830275c731091a192864a0491126e"},"environment":"GEN_2"},"stages":[{"name":"BUILD","state":"NOT_STARTED"},{"name":"SERVICE","state":"NOT_STARTED"}],"operationType":"CREATE_FUNCTION"},"done":false}
[debug] [2026-07-27T03:24:26.961Z] [create-default-us-central1-submitWithdraw] Retrying task index 0
[debug] [2026-07-27T03:24:26.961Z] Checked if tokens are valid: true, expires at: 1785124516750
[debug] [2026-07-27T03:24:26.961Z] Checked if tokens are valid: true, expires at: 1785124516750
[debug] [2026-07-27T03:24:26.961Z] >>> [apiv2][query] GET https://cloudfunctions.googleapis.com/v2/projects/lion-e7e25/locations/us-central1/operations/operation-1785122748214-6578f4749ae0b-a641bf5b-ecba2ea9 [none]
[debug] [2026-07-27T03:24:27.671Z] <<< [apiv2][status] GET https://cloudfunctions.googleapis.com/v2/projects/lion-e7e25/locations/us-central1/operations/operation-1785122748214-6578f4749ae0b-a641bf5b-ecba2ea9 200
[debug] [2026-07-27T03:24:27.671Z] <<< [apiv2][body] GET https://cloudfunctions.googleapis.com/v2/projects/lion-e7e25/locations/us-central1/operations/operation-1785122748214-6578f4749ae0b-a641bf5b-ecba2ea9 {"name":"projects/lion-e7e25/locations/us-central1/operations/operation-1785122748214-6578f4749ae0b-a641bf5b-ecba2ea9","metadata":{"@type":"type.googleapis.com/google.cloud.functions.v2.OperationMetadata","createTime":"2026-07-27T03:25:50.737552372Z","target":"projects/lion-e7e25/locations/us-central1/functions/submitWithdraw","verb":"create","cancelRequested":false,"apiVersion":"v2","requestResource":{"@type":"type.googleapis.com/google.cloud.functions.v2.Function","name":"projects/lion-e7e25/locations/us-central1/functions/submitWithdraw","buildConfig":{"runtime":"nodejs24","entryPoint":"submitWithdraw","source":{"storageSource":{"bucket":"gcf-v2-sources-411435734882-us-central1","object":"submitWithdraw/function-source.zip","generation":"1785122749329853"}},"environmentVariables":{"GOOGLE_NODE_RUN_SCRIPTS":""},"serviceAccount":"projects/lion-e7e25/serviceAccounts/411435734882-compute@developer.gserviceaccount.com","automaticUpdatePolicy":{}},"serviceConfig":{"service":"projects/lion-e7e25/locations/us-central1/services/submitwithdraw","timeoutSeconds":60,"environmentVariables":{"FIREBASE_CONFIG":"{\"projectId\":\"lion-e7e25\",\"databaseURL\":\"https://lion-e7e25-default-rtdb.firebaseio.com\",\"storageBucket\":\"lion-e7e25.firebasestorage.app\"}","GCLOUD_PROJECT":"lion-e7e25","EVENTARC_CLOUD_EVENT_SOURCE":"projects/lion-e7e25/locations/us-central1/services/submitWithdraw","FUNCTION_TARGET":"submitWithdraw","LOG_EXECUTION_ID":"true"},"ingressSettings":"ALLOW_ALL","serviceAccountEmail":"411435734882-compute@developer.gserviceaccount.com","availableMemory":"256Mi","maxInstanceRequestConcurrency":80,"availableCpu":"1"},"labels":{"deployment-tool":"cli-firebase","deployment-callable":"true","firebase-functions-hash":"165a4ea733c830275c731091a192864a0491126e"},"environment":"GEN_2"},"stages":[{"name":"BUILD","state":"NOT_STARTED"},{"name":"SERVICE","state":"NOT_STARTED"}],"operationType":"CREATE_FUNCTION"},"done":false}
[debug] [2026-07-27T03:24:29.673Z] [create-default-us-central1-submitWithdraw] Retrying task index 0
[debug] [2026-07-27T03:24:29.673Z] Checked if tokens are valid: true, expires at: 1785124516750
[debug] [2026-07-27T03:24:29.673Z] Checked if tokens are valid: true, expires at: 1785124516750
[debug] [2026-07-27T03:24:29.673Z] >>> [apiv2][query] GET https://cloudfunctions.googleapis.com/v2/projects/lion-e7e25/locations/us-central1/operations/operation-1785122748214-6578f4749ae0b-a641bf5b-ecba2ea9 [none]
[debug] [2026-07-27T03:24:30.378Z] <<< [apiv2][status] GET https://cloudfunctions.googleapis.com/v2/projects/lion-e7e25/locations/us-central1/operations/operation-1785122748214-6578f4749ae0b-a641bf5b-ecba2ea9 200
[debug] [2026-07-27T03:24:30.379Z] <<< [apiv2][body] GET https://cloudfunctions.googleapis.com/v2/projects/lion-e7e25/locations/us-central1/operations/operation-1785122748214-6578f4749ae0b-a641bf5b-ecba2ea9 {"name":"projects/lion-e7e25/locations/us-central1/operations/operation-1785122748214-6578f4749ae0b-a641bf5b-ecba2ea9","metadata":{"@type":"type.googleapis.com/google.cloud.functions.v2.OperationMetadata","createTime":"2026-07-27T03:25:50.737552372Z","target":"projects/lion-e7e25/locations/us-central1/functions/submitWithdraw","verb":"create","cancelRequested":false,"apiVersion":"v2","requestResource":{"@type":"type.googleapis.com/google.cloud.functions.v2.Function","name":"projects/lion-e7e25/locations/us-central1/functions/submitWithdraw","buildConfig":{"runtime":"nodejs24","entryPoint":"submitWithdraw","source":{"storageSource":{"bucket":"gcf-v2-sources-411435734882-us-central1","object":"submitWithdraw/function-source.zip","generation":"1785122749329853"}},"environmentVariables":{"GOOGLE_NODE_RUN_SCRIPTS":""},"serviceAccount":"projects/lion-e7e25/serviceAccounts/411435734882-compute@developer.gserviceaccount.com","automaticUpdatePolicy":{}},"serviceConfig":{"service":"projects/lion-e7e25/locations/us-central1/services/submitwithdraw","timeoutSeconds":60,"environmentVariables":{"FIREBASE_CONFIG":"{\"projectId\":\"lion-e7e25\",\"databaseURL\":\"https://lion-e7e25-default-rtdb.firebaseio.com\",\"storageBucket\":\"lion-e7e25.firebasestorage.app\"}","GCLOUD_PROJECT":"lion-e7e25","EVENTARC_CLOUD_EVENT_SOURCE":"projects/lion-e7e25/locations/us-central1/services/submitWithdraw","FUNCTION_TARGET":"submitWithdraw","LOG_EXECUTION_ID":"true"},"ingressSettings":"ALLOW_ALL","serviceAccountEmail":"411435734882-compute@developer.gserviceaccount.com","availableMemory":"256Mi","maxInstanceRequestConcurrency":80,"availableCpu":"1"},"labels":{"deployment-tool":"cli-firebase","deployment-callable":"true","firebase-functions-hash":"165a4ea733c830275c731091a192864a0491126e"},"environment":"GEN_2"},"stages":[{"name":"BUILD","state":"NOT_STARTED"},{"name":"SERVICE","state":"NOT_STARTED"}],"operationType":"CREATE_FUNCTION"},"done":false}
[debug] [2026-07-27T03:24:34.379Z] [create-default-us-central1-submitWithdraw] Retrying task index 0
[debug] [2026-07-27T03:24:34.379Z] Checked if tokens are valid: true, expires at: 1785124516750
[debug] [2026-07-27T03:24:34.379Z] Checked if tokens are valid: true, expires at: 1785124516750
[debug] [2026-07-27T03:24:34.379Z] >>> [apiv2][query] GET https://cloudfunctions.googleapis.com/v2/projects/lion-e7e25/locations/us-central1/operations/operation-1785122748214-6578f4749ae0b-a641bf5b-ecba2ea9 [none]
[debug] [2026-07-27T03:24:35.174Z] <<< [apiv2][status] GET https://cloudfunctions.googleapis.com/v2/projects/lion-e7e25/locations/us-central1/operations/operation-1785122748214-6578f4749ae0b-a641bf5b-ecba2ea9 200
[debug] [2026-07-27T03:24:35.174Z] <<< [apiv2][body] GET https://cloudfunctions.googleapis.com/v2/projects/lion-e7e25/locations/us-central1/operations/operation-1785122748214-6578f4749ae0b-a641bf5b-ecba2ea9 {"name":"projects/lion-e7e25/locations/us-central1/operations/operation-1785122748214-6578f4749ae0b-a641bf5b-ecba2ea9","metadata":{"@type":"type.googleapis.com/google.cloud.functions.v2.OperationMetadata","createTime":"2026-07-27T03:25:50.737552372Z","target":"projects/lion-e7e25/locations/us-central1/functions/submitWithdraw","verb":"create","cancelRequested":false,"apiVersion":"v2","requestResource":{"@type":"type.googleapis.com/google.cloud.functions.v2.Function","name":"projects/lion-e7e25/locations/us-central1/functions/submitWithdraw","buildConfig":{"runtime":"nodejs24","entryPoint":"submitWithdraw","source":{"storageSource":{"bucket":"gcf-v2-sources-411435734882-us-central1","object":"submitWithdraw/function-source.zip","generation":"1785122749329853"}},"environmentVariables":{"GOOGLE_NODE_RUN_SCRIPTS":""},"serviceAccount":"projects/lion-e7e25/serviceAccounts/411435734882-compute@developer.gserviceaccount.com","automaticUpdatePolicy":{}},"serviceConfig":{"service":"projects/lion-e7e25/locations/us-central1/services/submitwithdraw","timeoutSeconds":60,"environmentVariables":{"FIREBASE_CONFIG":"{\"projectId\":\"lion-e7e25\",\"databaseURL\":\"https://lion-e7e25-default-rtdb.firebaseio.com\",\"storageBucket\":\"lion-e7e25.firebasestorage.app\"}","GCLOUD_PROJECT":"lion-e7e25","EVENTARC_CLOUD_EVENT_SOURCE":"projects/lion-e7e25/locations/us-central1/services/submitWithdraw","FUNCTION_TARGET":"submitWithdraw","LOG_EXECUTION_ID":"true"},"ingressSettings":"ALLOW_ALL","serviceAccountEmail":"411435734882-compute@developer.gserviceaccount.com","availableMemory":"256Mi","maxInstanceRequestConcurrency":80,"availableCpu":"1"},"labels":{"deployment-tool":"cli-firebase","deployment-callable":"true","firebase-functions-hash":"165a4ea733c830275c731091a192864a0491126e"},"environment":"GEN_2"},"stages":[{"name":"BUILD","state":"NOT_STARTED"},{"name":"SERVICE","state":"NOT_STARTED"}],"operationType":"CREATE_FUNCTION"},"done":false}
[debug] [2026-07-27T03:24:43.175Z] [create-default-us-central1-submitWithdraw] Retrying task index 0
[debug] [2026-07-27T03:24:43.175Z] Checked if tokens are valid: true, expires at: 1785124516750
[debug] [2026-07-27T03:24:43.175Z] Checked if tokens are valid: true, expires at: 1785124516750
[debug] [2026-07-27T03:24:43.175Z] >>> [apiv2][query] GET https://cloudfunctions.googleapis.com/v2/projects/lion-e7e25/locations/us-central1/operations/operation-1785122748214-6578f4749ae0b-a641bf5b-ecba2ea9 [none]
[debug] [2026-07-27T03:24:43.984Z] <<< [apiv2][status] GET https://cloudfunctions.googleapis.com/v2/projects/lion-e7e25/locations/us-central1/operations/operation-1785122748214-6578f4749ae0b-a641bf5b-ecba2ea9 200
[debug] [2026-07-27T03:24:43.984Z] <<< [apiv2][body] GET https://cloudfunctions.googleapis.com/v2/projects/lion-e7e25/locations/us-central1/operations/operation-1785122748214-6578f4749ae0b-a641bf5b-ecba2ea9 {"name":"projects/lion-e7e25/locations/us-central1/operations/operation-1785122748214-6578f4749ae0b-a641bf5b-ecba2ea9","metadata":{"@type":"type.googleapis.com/google.cloud.functions.v2.OperationMetadata","createTime":"2026-07-27T03:25:50.737552372Z","target":"projects/lion-e7e25/locations/us-central1/functions/submitWithdraw","verb":"create","cancelRequested":false,"apiVersion":"v2","requestResource":{"@type":"type.googleapis.com/google.cloud.functions.v2.Function","name":"projects/lion-e7e25/locations/us-central1/functions/submitWithdraw","buildConfig":{"runtime":"nodejs24","entryPoint":"submitWithdraw","source":{"storageSource":{"bucket":"gcf-v2-sources-411435734882-us-central1","object":"submitWithdraw/function-source.zip","generation":"1785122749329853"}},"environmentVariables":{"GOOGLE_NODE_RUN_SCRIPTS":""},"serviceAccount":"projects/lion-e7e25/serviceAccounts/411435734882-compute@developer.gserviceaccount.com","automaticUpdatePolicy":{}},"serviceConfig":{"service":"projects/lion-e7e25/locations/us-central1/services/submitwithdraw","timeoutSeconds":60,"environmentVariables":{"FIREBASE_CONFIG":"{\"projectId\":\"lion-e7e25\",\"databaseURL\":\"https://lion-e7e25-default-rtdb.firebaseio.com\",\"storageBucket\":\"lion-e7e25.firebasestorage.app\"}","GCLOUD_PROJECT":"lion-e7e25","EVENTARC_CLOUD_EVENT_SOURCE":"projects/lion-e7e25/locations/us-central1/services/submitWithdraw","FUNCTION_TARGET":"submitWithdraw","LOG_EXECUTION_ID":"true"},"ingressSettings":"ALLOW_ALL","serviceAccountEmail":"411435734882-compute@developer.gserviceaccount.com","availableMemory":"256Mi","maxInstanceRequestConcurrency":80,"availableCpu":"1"},"labels":{"deployment-tool":"cli-firebase","deployment-callable":"true","firebase-functions-hash":"165a4ea733c830275c731091a192864a0491126e"},"environment":"GEN_2"},"stages":[{"name":"BUILD","state":"NOT_STARTED"},{"name":"SERVICE","state":"NOT_STARTED"}],"operationType":"CREATE_FUNCTION"},"done":false}
[debug] [2026-07-27T03:24:53.984Z] [create-default-us-central1-submitWithdraw] Retrying task index 0
[debug] [2026-07-27T03:24:53.984Z] Checked if tokens are valid: true, expires at: 1785124516750
[debug] [2026-07-27T03:24:53.984Z] Checked if tokens are valid: true, expires at: 1785124516750
[debug] [2026-07-27T03:24:53.984Z] >>> [apiv2][query] GET https://cloudfunctions.googleapis.com/v2/projects/lion-e7e25/locations/us-central1/operations/operation-1785122748214-6578f4749ae0b-a641bf5b-ecba2ea9 [none]
[debug] [2026-07-27T03:24:54.754Z] <<< [apiv2][status] GET https://cloudfunctions.googleapis.com/v2/projects/lion-e7e25/locations/us-central1/operations/operation-1785122748214-6578f4749ae0b-a641bf5b-ecba2ea9 200
[debug] [2026-07-27T03:24:54.754Z] <<< [apiv2][body] GET https://cloudfunctions.googleapis.com/v2/projects/lion-e7e25/locations/us-central1/operations/operation-1785122748214-6578f4749ae0b-a641bf5b-ecba2ea9 {"name":"projects/lion-e7e25/locations/us-central1/operations/operation-1785122748214-6578f4749ae0b-a641bf5b-ecba2ea9","metadata":{"@type":"type.googleapis.com/google.cloud.functions.v2.OperationMetadata","createTime":"2026-07-27T03:25:50.737552372Z","target":"projects/lion-e7e25/locations/us-central1/functions/submitWithdraw","verb":"create","cancelRequested":false,"apiVersion":"v2","requestResource":{"@type":"type.googleapis.com/google.cloud.functions.v2.Function","name":"projects/lion-e7e25/locations/us-central1/functions/submitWithdraw","buildConfig":{"runtime":"nodejs24","entryPoint":"submitWithdraw","source":{"storageSource":{"bucket":"gcf-v2-sources-411435734882-us-central1","object":"submitWithdraw/function-source.zip","generation":"1785122749329853"}},"environmentVariables":{"GOOGLE_NODE_RUN_SCRIPTS":""},"serviceAccount":"projects/lion-e7e25/serviceAccounts/411435734882-compute@developer.gserviceaccount.com","automaticUpdatePolicy":{}},"serviceConfig":{"service":"projects/lion-e7e25/locations/us-central1/services/submitwithdraw","timeoutSeconds":60,"environmentVariables":{"FIREBASE_CONFIG":"{\"projectId\":\"lion-e7e25\",\"databaseURL\":\"https://lion-e7e25-default-rtdb.firebaseio.com\",\"storageBucket\":\"lion-e7e25.firebasestorage.app\"}","GCLOUD_PROJECT":"lion-e7e25","EVENTARC_CLOUD_EVENT_SOURCE":"projects/lion-e7e25/locations/us-central1/services/submitWithdraw","FUNCTION_TARGET":"submitWithdraw","LOG_EXECUTION_ID":"true"},"ingressSettings":"ALLOW_ALL","serviceAccountEmail":"411435734882-compute@developer.gserviceaccount.com","availableMemory":"256Mi","maxInstanceRequestConcurrency":80,"availableCpu":"1"},"labels":{"deployment-tool":"cli-firebase","deployment-callable":"true","firebase-functions-hash":"165a4ea733c830275c731091a192864a0491126e"},"environment":"GEN_2"},"stages":[{"name":"BUILD","state":"NOT_STARTED"},{"name":"SERVICE","state":"NOT_STARTED"}],"operationType":"CREATE_FUNCTION"},"done":false}
[debug] [2026-07-27T03:25:04.755Z] [create-default-us-central1-submitWithdraw] Retrying task index 0
[debug] [2026-07-27T03:25:04.755Z] Checked if tokens are valid: true, expires at: 1785124516750
[debug] [2026-07-27T03:25:04.756Z] Checked if tokens are valid: true, expires at: 1785124516750
[debug] [2026-07-27T03:25:04.756Z] >>> [apiv2][query] GET https://cloudfunctions.googleapis.com/v2/projects/lion-e7e25/locations/us-central1/operations/operation-1785122748214-6578f4749ae0b-a641bf5b-ecba2ea9 [none]
[debug] [2026-07-27T03:25:05.531Z] <<< [apiv2][status] GET https://cloudfunctions.googleapis.com/v2/projects/lion-e7e25/locations/us-central1/operations/operation-1785122748214-6578f4749ae0b-a641bf5b-ecba2ea9 200
[debug] [2026-07-27T03:25:05.532Z] <<< [apiv2][body] GET https://cloudfunctions.googleapis.com/v2/projects/lion-e7e25/locations/us-central1/operations/operation-1785122748214-6578f4749ae0b-a641bf5b-ecba2ea9 {"name":"projects/lion-e7e25/locations/us-central1/operations/operation-1785122748214-6578f4749ae0b-a641bf5b-ecba2ea9","metadata":{"@type":"type.googleapis.com/google.cloud.functions.v2.OperationMetadata","createTime":"2026-07-27T03:25:50.737552372Z","target":"projects/lion-e7e25/locations/us-central1/functions/submitWithdraw","verb":"create","cancelRequested":false,"apiVersion":"v2","requestResource":{"@type":"type.googleapis.com/google.cloud.functions.v2.Function","name":"projects/lion-e7e25/locations/us-central1/functions/submitWithdraw","buildConfig":{"runtime":"nodejs24","entryPoint":"submitWithdraw","source":{"storageSource":{"bucket":"gcf-v2-sources-411435734882-us-central1","object":"submitWithdraw/function-source.zip","generation":"1785122749329853"}},"environmentVariables":{"GOOGLE_NODE_RUN_SCRIPTS":""},"serviceAccount":"projects/lion-e7e25/serviceAccounts/411435734882-compute@developer.gserviceaccount.com","automaticUpdatePolicy":{}},"serviceConfig":{"service":"projects/lion-e7e25/locations/us-central1/services/submitwithdraw","timeoutSeconds":60,"environmentVariables":{"FIREBASE_CONFIG":"{\"projectId\":\"lion-e7e25\",\"databaseURL\":\"https://lion-e7e25-default-rtdb.firebaseio.com\",\"storageBucket\":\"lion-e7e25.firebasestorage.app\"}","GCLOUD_PROJECT":"lion-e7e25","EVENTARC_CLOUD_EVENT_SOURCE":"projects/lion-e7e25/locations/us-central1/services/submitWithdraw","FUNCTION_TARGET":"submitWithdraw","LOG_EXECUTION_ID":"true"},"ingressSettings":"ALLOW_ALL","serviceAccountEmail":"411435734882-compute@developer.gserviceaccount.com","availableMemory":"256Mi","maxInstanceRequestConcurrency":80,"availableCpu":"1"},"labels":{"deployment-tool":"cli-firebase","deployment-callable":"true","firebase-functions-hash":"165a4ea733c830275c731091a192864a0491126e"},"environment":"GEN_2"},"stages":[{"name":"BUILD","state":"NOT_STARTED"},{"name":"SERVICE","state":"NOT_STARTED"}],"operationType":"CREATE_FUNCTION"},"done":false}
[debug] [2026-07-27T03:25:15.532Z] [create-default-us-central1-submitWithdraw] Retrying task index 0
[debug] [2026-07-27T03:25:15.532Z] Checked if tokens are valid: true, expires at: 1785124516750
[debug] [2026-07-27T03:25:15.533Z] Checked if tokens are valid: true, expires at: 1785124516750
[debug] [2026-07-27T03:25:15.533Z] >>> [apiv2][query] GET https://cloudfunctions.googleapis.com/v2/projects/lion-e7e25/locations/us-central1/operations/operation-1785122748214-6578f4749ae0b-a641bf5b-ecba2ea9 [none]
[debug] [2026-07-27T03:25:16.342Z] <<< [apiv2][status] GET https://cloudfunctions.googleapis.com/v2/projects/lion-e7e25/locations/us-central1/operations/operation-1785122748214-6578f4749ae0b-a641bf5b-ecba2ea9 200
[debug] [2026-07-27T03:25:16.342Z] <<< [apiv2][body] GET https://cloudfunctions.googleapis.com/v2/projects/lion-e7e25/locations/us-central1/operations/operation-1785122748214-6578f4749ae0b-a641bf5b-ecba2ea9 {"name":"projects/lion-e7e25/locations/us-central1/operations/operation-1785122748214-6578f4749ae0b-a641bf5b-ecba2ea9","metadata":{"@type":"type.googleapis.com/google.cloud.functions.v2.OperationMetadata","createTime":"2026-07-27T03:25:50.737552372Z","target":"projects/lion-e7e25/locations/us-central1/functions/submitWithdraw","verb":"create","cancelRequested":false,"apiVersion":"v2","requestResource":{"@type":"type.googleapis.com/google.cloud.functions.v2.Function","name":"projects/lion-e7e25/locations/us-central1/functions/submitWithdraw","buildConfig":{"runtime":"nodejs24","entryPoint":"submitWithdraw","source":{"storageSource":{"bucket":"gcf-v2-sources-411435734882-us-central1","object":"submitWithdraw/function-source.zip","generation":"1785122749329853"}},"environmentVariables":{"GOOGLE_NODE_RUN_SCRIPTS":""},"serviceAccount":"projects/lion-e7e25/serviceAccounts/411435734882-compute@developer.gserviceaccount.com","automaticUpdatePolicy":{}},"serviceConfig":{"service":"projects/lion-e7e25/locations/us-central1/services/submitwithdraw","timeoutSeconds":60,"environmentVariables":{"FIREBASE_CONFIG":"{\"projectId\":\"lion-e7e25\",\"databaseURL\":\"https://lion-e7e25-default-rtdb.firebaseio.com\",\"storageBucket\":\"lion-e7e25.firebasestorage.app\"}","GCLOUD_PROJECT":"lion-e7e25","EVENTARC_CLOUD_EVENT_SOURCE":"projects/lion-e7e25/locations/us-central1/services/submitWithdraw","FUNCTION_TARGET":"submitWithdraw","LOG_EXECUTION_ID":"true"},"ingressSettings":"ALLOW_ALL","serviceAccountEmail":"411435734882-compute@developer.gserviceaccount.com","availableMemory":"256Mi","maxInstanceRequestConcurrency":80,"availableCpu":"1"},"labels":{"deployment-tool":"cli-firebase","deployment-callable":"true","firebase-functions-hash":"165a4ea733c830275c731091a192864a0491126e"},"environment":"GEN_2"},"stages":[{"name":"BUILD","state":"NOT_STARTED"},{"name":"SERVICE","state":"NOT_STARTED"}],"operationType":"CREATE_FUNCTION"},"done":false}
[debug] [2026-07-27T03:25:26.343Z] [create-default-us-central1-submitWithdraw] Retrying task index 0
[debug] [2026-07-27T03:25:26.343Z] Checked if tokens are valid: true, expires at: 1785124516750
[debug] [2026-07-27T03:25:26.343Z] Checked if tokens are valid: true, expires at: 1785124516750
[debug] [2026-07-27T03:25:26.343Z] >>> [apiv2][query] GET https://cloudfunctions.googleapis.com/v2/projects/lion-e7e25/locations/us-central1/operations/operation-1785122748214-6578f4749ae0b-a641bf5b-ecba2ea9 [none]
[debug] [2026-07-27T03:25:27.103Z] <<< [apiv2][status] GET https://cloudfunctions.googleapis.com/v2/projects/lion-e7e25/locations/us-central1/operations/operation-1785122748214-6578f4749ae0b-a641bf5b-ecba2ea9 200
[debug] [2026-07-27T03:25:27.103Z] <<< [apiv2][body] GET https://cloudfunctions.googleapis.com/v2/projects/lion-e7e25/locations/us-central1/operations/operation-1785122748214-6578f4749ae0b-a641bf5b-ecba2ea9 {"name":"projects/lion-e7e25/locations/us-central1/operations/operation-1785122748214-6578f4749ae0b-a641bf5b-ecba2ea9","metadata":{"@type":"type.googleapis.com/google.cloud.functions.v2.OperationMetadata","createTime":"2026-07-27T03:25:50.737552372Z","target":"projects/lion-e7e25/locations/us-central1/functions/submitWithdraw","verb":"create","cancelRequested":false,"apiVersion":"v2","requestResource":{"@type":"type.googleapis.com/google.cloud.functions.v2.Function","name":"projects/lion-e7e25/locations/us-central1/functions/submitWithdraw","buildConfig":{"runtime":"nodejs24","entryPoint":"submitWithdraw","source":{"storageSource":{"bucket":"gcf-v2-sources-411435734882-us-central1","object":"submitWithdraw/function-source.zip","generation":"1785122749329853"}},"environmentVariables":{"GOOGLE_NODE_RUN_SCRIPTS":""},"serviceAccount":"projects/lion-e7e25/serviceAccounts/411435734882-compute@developer.gserviceaccount.com","automaticUpdatePolicy":{}},"serviceConfig":{"service":"projects/lion-e7e25/locations/us-central1/services/submitwithdraw","timeoutSeconds":60,"environmentVariables":{"FIREBASE_CONFIG":"{\"projectId\":\"lion-e7e25\",\"databaseURL\":\"https://lion-e7e25-default-rtdb.firebaseio.com\",\"storageBucket\":\"lion-e7e25.firebasestorage.app\"}","GCLOUD_PROJECT":"lion-e7e25","EVENTARC_CLOUD_EVENT_SOURCE":"projects/lion-e7e25/locations/us-central1/services/submitWithdraw","FUNCTION_TARGET":"submitWithdraw","LOG_EXECUTION_ID":"true"},"ingressSettings":"ALLOW_ALL","serviceAccountEmail":"411435734882-compute@developer.gserviceaccount.com","availableMemory":"256Mi","maxInstanceRequestConcurrency":80,"availableCpu":"1"},"labels":{"deployment-tool":"cli-firebase","deployment-callable":"true","firebase-functions-hash":"165a4ea733c830275c731091a192864a0491126e"},"environment":"GEN_2"},"stages":[{"name":"BUILD","state":"NOT_STARTED"},{"name":"SERVICE","state":"NOT_STARTED"}],"operationType":"CREATE_FUNCTION"},"done":false}
[debug] [2026-07-27T03:25:37.105Z] [create-default-us-central1-submitWithdraw] Retrying task index 0
[debug] [2026-07-27T03:25:37.106Z] Checked if tokens are valid: true, expires at: 1785124516750
[debug] [2026-07-27T03:25:37.106Z] Checked if tokens are valid: true, expires at: 1785124516750
[debug] [2026-07-27T03:25:37.106Z] >>> [apiv2][query] GET https://cloudfunctions.googleapis.com/v2/projects/lion-e7e25/locations/us-central1/operations/operation-1785122748214-6578f4749ae0b-a641bf5b-ecba2ea9 [none]
[debug] [2026-07-27T03:25:37.874Z] <<< [apiv2][status] GET https://cloudfunctions.googleapis.com/v2/projects/lion-e7e25/locations/us-central1/operations/operation-1785122748214-6578f4749ae0b-a641bf5b-ecba2ea9 200
[debug] [2026-07-27T03:25:37.874Z] <<< [apiv2][body] GET https://cloudfunctions.googleapis.com/v2/projects/lion-e7e25/locations/us-central1/operations/operation-1785122748214-6578f4749ae0b-a641bf5b-ecba2ea9 {"name":"projects/lion-e7e25/locations/us-central1/operations/operation-1785122748214-6578f4749ae0b-a641bf5b-ecba2ea9","metadata":{"@type":"type.googleapis.com/google.cloud.functions.v2.OperationMetadata","createTime":"2026-07-27T03:25:50.737552372Z","target":"projects/lion-e7e25/locations/us-central1/functions/submitWithdraw","verb":"create","cancelRequested":false,"apiVersion":"v2","requestResource":{"@type":"type.googleapis.com/google.cloud.functions.v2.Function","name":"projects/lion-e7e25/locations/us-central1/functions/submitWithdraw","buildConfig":{"runtime":"nodejs24","entryPoint":"submitWithdraw","source":{"storageSource":{"bucket":"gcf-v2-sources-411435734882-us-central1","object":"submitWithdraw/function-source.zip","generation":"1785122749329853"}},"environmentVariables":{"GOOGLE_NODE_RUN_SCRIPTS":""},"serviceAccount":"projects/lion-e7e25/serviceAccounts/411435734882-compute@developer.gserviceaccount.com","automaticUpdatePolicy":{}},"serviceConfig":{"service":"projects/lion-e7e25/locations/us-central1/services/submitwithdraw","timeoutSeconds":60,"environmentVariables":{"FIREBASE_CONFIG":"{\"projectId\":\"lion-e7e25\",\"databaseURL\":\"https://lion-e7e25-default-rtdb.firebaseio.com\",\"storageBucket\":\"lion-e7e25.firebasestorage.app\"}","GCLOUD_PROJECT":"lion-e7e25","EVENTARC_CLOUD_EVENT_SOURCE":"projects/lion-e7e25/locations/us-central1/services/submitWithdraw","FUNCTION_TARGET":"submitWithdraw","LOG_EXECUTION_ID":"true"},"ingressSettings":"ALLOW_ALL","serviceAccountEmail":"411435734882-compute@developer.gserviceaccount.com","availableMemory":"256Mi","maxInstanceRequestConcurrency":80,"availableCpu":"1"},"labels":{"deployment-tool":"cli-firebase","deployment-callable":"true","firebase-functions-hash":"165a4ea733c830275c731091a192864a0491126e"},"environment":"GEN_2"},"stages":[{"name":"BUILD","message":"Build in progress","state":"IN_PROGRESS","resource":"projects/411435734882/locations/us-central1/builds/fbb1ea97-5abb-44e0-a6f4-686763042151","resourceUri":"https://console.cloud.google.com/cloud-build/builds;region=us-central1/fbb1ea97-5abb-44e0-a6f4-686763042151?project=411435734882"},{"name":"SERVICE","state":"NOT_STARTED"}],"operationType":"CREATE_FUNCTION","buildName":"projects/411435734882/locations/us-central1/builds/fbb1ea97-5abb-44e0-a6f4-686763042151"},"done":false}
[debug] [2026-07-27T03:25:47.874Z] [create-default-us-central1-submitWithdraw] Retrying task index 0
[debug] [2026-07-27T03:25:47.875Z] Checked if tokens are valid: true, expires at: 1785124516750
[debug] [2026-07-27T03:25:47.875Z] Checked if tokens are valid: true, expires at: 1785124516750
[debug] [2026-07-27T03:25:47.875Z] >>> [apiv2][query] GET https://cloudfunctions.googleapis.com/v2/projects/lion-e7e25/locations/us-central1/operations/operation-1785122748214-6578f4749ae0b-a641bf5b-ecba2ea9 [none]
[debug] [2026-07-27T03:25:48.652Z] <<< [apiv2][status] GET https://cloudfunctions.googleapis.com/v2/projects/lion-e7e25/locations/us-central1/operations/operation-1785122748214-6578f4749ae0b-a641bf5b-ecba2ea9 200
[debug] [2026-07-27T03:25:48.652Z] <<< [apiv2][body] GET https://cloudfunctions.googleapis.com/v2/projects/lion-e7e25/locations/us-central1/operations/operation-1785122748214-6578f4749ae0b-a641bf5b-ecba2ea9 {"name":"projects/lion-e7e25/locations/us-central1/operations/operation-1785122748214-6578f4749ae0b-a641bf5b-ecba2ea9","metadata":{"@type":"type.googleapis.com/google.cloud.functions.v2.OperationMetadata","createTime":"2026-07-27T03:25:50.737552372Z","target":"projects/lion-e7e25/locations/us-central1/functions/submitWithdraw","verb":"create","cancelRequested":false,"apiVersion":"v2","requestResource":{"@type":"type.googleapis.com/google.cloud.functions.v2.Function","name":"projects/lion-e7e25/locations/us-central1/functions/submitWithdraw","buildConfig":{"runtime":"nodejs24","entryPoint":"submitWithdraw","source":{"storageSource":{"bucket":"gcf-v2-sources-411435734882-us-central1","object":"submitWithdraw/function-source.zip","generation":"1785122749329853"}},"environmentVariables":{"GOOGLE_NODE_RUN_SCRIPTS":""},"serviceAccount":"projects/lion-e7e25/serviceAccounts/411435734882-compute@developer.gserviceaccount.com","automaticUpdatePolicy":{}},"serviceConfig":{"service":"projects/lion-e7e25/locations/us-central1/services/submitwithdraw","timeoutSeconds":60,"environmentVariables":{"FIREBASE_CONFIG":"{\"projectId\":\"lion-e7e25\",\"databaseURL\":\"https://lion-e7e25-default-rtdb.firebaseio.com\",\"storageBucket\":\"lion-e7e25.firebasestorage.app\"}","GCLOUD_PROJECT":"lion-e7e25","EVENTARC_CLOUD_EVENT_SOURCE":"projects/lion-e7e25/locations/us-central1/services/submitWithdraw","FUNCTION_TARGET":"submitWithdraw","LOG_EXECUTION_ID":"true"},"ingressSettings":"ALLOW_ALL","serviceAccountEmail":"411435734882-compute@developer.gserviceaccount.com","availableMemory":"256Mi","maxInstanceRequestConcurrency":80,"availableCpu":"1"},"labels":{"deployment-tool":"cli-firebase","deployment-callable":"true","firebase-functions-hash":"165a4ea733c830275c731091a192864a0491126e"},"environment":"GEN_2"},"stages":[{"name":"BUILD","message":"Build in progress","state":"IN_PROGRESS","resource":"projects/411435734882/locations/us-central1/builds/fbb1ea97-5abb-44e0-a6f4-686763042151","resourceUri":"https://console.cloud.google.com/cloud-build/builds;region=us-central1/fbb1ea97-5abb-44e0-a6f4-686763042151?project=411435734882"},{"name":"SERVICE","state":"NOT_STARTED"}],"operationType":"CREATE_FUNCTION","buildName":"projects/411435734882/locations/us-central1/builds/fbb1ea97-5abb-44e0-a6f4-686763042151"},"done":false}
[debug] [2026-07-27T03:25:58.652Z] [create-default-us-central1-submitWithdraw] Retrying task index 0
[debug] [2026-07-27T03:25:58.653Z] Checked if tokens are valid: true, expires at: 1785124516750
[debug] [2026-07-27T03:25:58.653Z] Checked if tokens are valid: true, expires at: 1785124516750
[debug] [2026-07-27T03:25:58.653Z] >>> [apiv2][query] GET https://cloudfunctions.googleapis.com/v2/projects/lion-e7e25/locations/us-central1/operations/operation-1785122748214-6578f4749ae0b-a641bf5b-ecba2ea9 [none]
[debug] [2026-07-27T03:25:59.443Z] <<< [apiv2][status] GET https://cloudfunctions.googleapis.com/v2/projects/lion-e7e25/locations/us-central1/operations/operation-1785122748214-6578f4749ae0b-a641bf5b-ecba2ea9 200
[debug] [2026-07-27T03:25:59.443Z] <<< [apiv2][body] GET https://cloudfunctions.googleapis.com/v2/projects/lion-e7e25/locations/us-central1/operations/operation-1785122748214-6578f4749ae0b-a641bf5b-ecba2ea9 {"name":"projects/lion-e7e25/locations/us-central1/operations/operation-1785122748214-6578f4749ae0b-a641bf5b-ecba2ea9","metadata":{"@type":"type.googleapis.com/google.cloud.functions.v2.OperationMetadata","createTime":"2026-07-27T03:25:50.737552372Z","target":"projects/lion-e7e25/locations/us-central1/functions/submitWithdraw","verb":"create","cancelRequested":false,"apiVersion":"v2","requestResource":{"@type":"type.googleapis.com/google.cloud.functions.v2.Function","name":"projects/lion-e7e25/locations/us-central1/functions/submitWithdraw","buildConfig":{"runtime":"nodejs24","entryPoint":"submitWithdraw","source":{"storageSource":{"bucket":"gcf-v2-sources-411435734882-us-central1","object":"submitWithdraw/function-source.zip","generation":"1785122749329853"}},"environmentVariables":{"GOOGLE_NODE_RUN_SCRIPTS":""},"serviceAccount":"projects/lion-e7e25/serviceAccounts/411435734882-compute@developer.gserviceaccount.com","automaticUpdatePolicy":{}},"serviceConfig":{"service":"projects/lion-e7e25/locations/us-central1/services/submitwithdraw","timeoutSeconds":60,"environmentVariables":{"FIREBASE_CONFIG":"{\"projectId\":\"lion-e7e25\",\"databaseURL\":\"https://lion-e7e25-default-rtdb.firebaseio.com\",\"storageBucket\":\"lion-e7e25.firebasestorage.app\"}","GCLOUD_PROJECT":"lion-e7e25","EVENTARC_CLOUD_EVENT_SOURCE":"projects/lion-e7e25/locations/us-central1/services/submitWithdraw","FUNCTION_TARGET":"submitWithdraw","LOG_EXECUTION_ID":"true"},"ingressSettings":"ALLOW_ALL","serviceAccountEmail":"411435734882-compute@developer.gserviceaccount.com","availableMemory":"256Mi","maxInstanceRequestConcurrency":80,"availableCpu":"1"},"labels":{"deployment-tool":"cli-firebase","deployment-callable":"true","firebase-functions-hash":"165a4ea733c830275c731091a192864a0491126e"},"environment":"GEN_2"},"stages":[{"name":"BUILD","message":"Build in progress","state":"IN_PROGRESS","resource":"projects/411435734882/locations/us-central1/builds/fbb1ea97-5abb-44e0-a6f4-686763042151","resourceUri":"https://console.cloud.google.com/cloud-build/builds;region=us-central1/fbb1ea97-5abb-44e0-a6f4-686763042151?project=411435734882"},{"name":"SERVICE","state":"NOT_STARTED"}],"operationType":"CREATE_FUNCTION","buildName":"projects/411435734882/locations/us-central1/builds/fbb1ea97-5abb-44e0-a6f4-686763042151"},"done":false}
[debug] [2026-07-27T03:26:09.445Z] [create-default-us-central1-submitWithdraw] Retrying task index 0
[debug] [2026-07-27T03:26:09.446Z] Checked if tokens are valid: true, expires at: 1785124516750
[debug] [2026-07-27T03:26:09.446Z] Checked if tokens are valid: true, expires at: 1785124516750
[debug] [2026-07-27T03:26:09.446Z] >>> [apiv2][query] GET https://cloudfunctions.googleapis.com/v2/projects/lion-e7e25/locations/us-central1/operations/operation-1785122748214-6578f4749ae0b-a641bf5b-ecba2ea9 [none]
[debug] [2026-07-27T03:26:10.253Z] <<< [apiv2][status] GET https://cloudfunctions.googleapis.com/v2/projects/lion-e7e25/locations/us-central1/operations/operation-1785122748214-6578f4749ae0b-a641bf5b-ecba2ea9 200
[debug] [2026-07-27T03:26:10.253Z] <<< [apiv2][body] GET https://cloudfunctions.googleapis.com/v2/projects/lion-e7e25/locations/us-central1/operations/operation-1785122748214-6578f4749ae0b-a641bf5b-ecba2ea9 {"name":"projects/lion-e7e25/locations/us-central1/operations/operation-1785122748214-6578f4749ae0b-a641bf5b-ecba2ea9","metadata":{"@type":"type.googleapis.com/google.cloud.functions.v2.OperationMetadata","createTime":"2026-07-27T03:25:50.737552372Z","target":"projects/lion-e7e25/locations/us-central1/functions/submitWithdraw","verb":"create","cancelRequested":false,"apiVersion":"v2","requestResource":{"@type":"type.googleapis.com/google.cloud.functions.v2.Function","name":"projects/lion-e7e25/locations/us-central1/functions/submitWithdraw","buildConfig":{"runtime":"nodejs24","entryPoint":"submitWithdraw","source":{"storageSource":{"bucket":"gcf-v2-sources-411435734882-us-central1","object":"submitWithdraw/function-source.zip","generation":"1785122749329853"}},"environmentVariables":{"GOOGLE_NODE_RUN_SCRIPTS":""},"serviceAccount":"projects/lion-e7e25/serviceAccounts/411435734882-compute@developer.gserviceaccount.com","automaticUpdatePolicy":{}},"serviceConfig":{"service":"projects/lion-e7e25/locations/us-central1/services/submitwithdraw","timeoutSeconds":60,"environmentVariables":{"FIREBASE_CONFIG":"{\"projectId\":\"lion-e7e25\",\"databaseURL\":\"https://lion-e7e25-default-rtdb.firebaseio.com\",\"storageBucket\":\"lion-e7e25.firebasestorage.app\"}","GCLOUD_PROJECT":"lion-e7e25","EVENTARC_CLOUD_EVENT_SOURCE":"projects/lion-e7e25/locations/us-central1/services/submitWithdraw","FUNCTION_TARGET":"submitWithdraw","LOG_EXECUTION_ID":"true"},"ingressSettings":"ALLOW_ALL","serviceAccountEmail":"411435734882-compute@developer.gserviceaccount.com","availableMemory":"256Mi","maxInstanceRequestConcurrency":80,"availableCpu":"1"},"labels":{"deployment-tool":"cli-firebase","deployment-callable":"true","firebase-functions-hash":"165a4ea733c830275c731091a192864a0491126e"},"environment":"GEN_2"},"stages":[{"name":"ARTIFACT_REGISTRY","state":"NOT_STARTED"},{"name":"SERVICE","state":"NOT_STARTED"}],"operationType":"CREATE_FUNCTION"},"done":false}
[debug] [2026-07-27T03:26:20.253Z] [create-default-us-central1-submitWithdraw] Retrying task index 0
[debug] [2026-07-27T03:26:20.254Z] Checked if tokens are valid: true, expires at: 1785124516750
[debug] [2026-07-27T03:26:20.255Z] Checked if tokens are valid: true, expires at: 1785124516750
[debug] [2026-07-27T03:26:20.255Z] >>> [apiv2][query] GET https://cloudfunctions.googleapis.com/v2/projects/lion-e7e25/locations/us-central1/operations/operation-1785122748214-6578f4749ae0b-a641bf5b-ecba2ea9 [none]
[debug] [2026-07-27T03:26:21.021Z] <<< [apiv2][status] GET https://cloudfunctions.googleapis.com/v2/projects/lion-e7e25/locations/us-central1/operations/operation-1785122748214-6578f4749ae0b-a641bf5b-ecba2ea9 200
[debug] [2026-07-27T03:26:21.021Z] <<< [apiv2][body] GET https://cloudfunctions.googleapis.com/v2/projects/lion-e7e25/locations/us-central1/operations/operation-1785122748214-6578f4749ae0b-a641bf5b-ecba2ea9 {"name":"projects/lion-e7e25/locations/us-central1/operations/operation-1785122748214-6578f4749ae0b-a641bf5b-ecba2ea9","metadata":{"@type":"type.googleapis.com/google.cloud.functions.v2.OperationMetadata","createTime":"2026-07-27T03:25:50.737552372Z","endTime":"2026-07-27T03:27:37.389484757Z","target":"projects/lion-e7e25/locations/us-central1/functions/submitWithdraw","verb":"create","cancelRequested":false,"apiVersion":"v2","requestResource":{"@type":"type.googleapis.com/google.cloud.functions.v2.Function","name":"projects/lion-e7e25/locations/us-central1/functions/submitWithdraw","buildConfig":{"runtime":"nodejs24","entryPoint":"submitWithdraw","source":{"storageSource":{"bucket":"gcf-v2-sources-411435734882-us-central1","object":"submitWithdraw/function-source.zip","generation":"1785122749329853"}},"environmentVariables":{"GOOGLE_NODE_RUN_SCRIPTS":""},"serviceAccount":"projects/lion-e7e25/serviceAccounts/411435734882-compute@developer.gserviceaccount.com","automaticUpdatePolicy":{}},"serviceConfig":{"service":"projects/lion-e7e25/locations/us-central1/services/submitwithdraw","timeoutSeconds":60,"environmentVariables":{"FIREBASE_CONFIG":"{\"projectId\":\"lion-e7e25\",\"databaseURL\":\"https://lion-e7e25-default-rtdb.firebaseio.com\",\"storageBucket\":\"lion-e7e25.firebasestorage.app\"}","GCLOUD_PROJECT":"lion-e7e25","EVENTARC_CLOUD_EVENT_SOURCE":"projects/lion-e7e25/locations/us-central1/services/submitWithdraw","FUNCTION_TARGET":"submitWithdraw","LOG_EXECUTION_ID":"true"},"ingressSettings":"ALLOW_ALL","serviceAccountEmail":"411435734882-compute@developer.gserviceaccount.com","availableMemory":"256Mi","maxInstanceRequestConcurrency":80,"availableCpu":"1"},"labels":{"deployment-tool":"cli-firebase","deployment-callable":"true","firebase-functions-hash":"165a4ea733c830275c731091a192864a0491126e"},"environment":"GEN_2"},"stages":[{"name":"ARTIFACT_REGISTRY","message":"Deleting function artifacts in Artifact Registry","state":"COMPLETE"},{"name":"SERVICE","message":"Deleting Cloud Run service","state":"COMPLETE","resource":"projects/lion-e7e25/locations/us-central1/services/submitwithdraw"}],"operationType":"CREATE_FUNCTION"},"done":true,"error":{"code":3,"message":"Build failed with status: FAILURE and message: npm error code ERESOLVE\nnpm error ERESOLVE could not resolve\nnpm error\nnpm error While resolving: firebase-functions-test@3.5.0\nnpm error Found: firebase-functions@7.3.2-rc.0\nnpm error node_modules/firebase-functions\nnpm error   firebase-functions@\"^7.3.2-rc.0\" from the root project\nnpm error\nnpm error Could not resolve dependency:\nnpm error peer firebase-functions@\">=4.9.0\" from firebase-functions-test@3.5.0\nnpm error node_modules/firebase-functions-test\nnpm error   dev firebase-functions-test@\"^3.4.1\" from the root project\nnpm error\nnpm error Conflicting peer dependency: firebase-functions@7.3.0\nnpm error node_modules/firebase-functions\nnpm error   peer firebase-functions@\">=4.9.0\" from firebase-functions-test@3.5.0\nnpm error   node_modules/firebase-functions-test\nnpm error     dev firebase-functions-test@\"^3.4.1\" from the root project\nnpm error\nnpm error Fix the upstream dependency conflict, or retry this command with --force or --legacy-peer-deps to accept an incorrect (and potentially broken) dependency resolution.\nnpm error\nnpm error\nnpm error For a full report see:\nnpm error /www-data-home/.npm/_logs/2026-07-27T03_27_16_879Z-eresolve-report.txt\nnpm error A complete log of this run can be found in: /www-data-home/.npm/_logs/2026-07-27T03_27_16_879Z-debug-0.log. For more details see the logs at https://console.cloud.google.com/cloud-build/builds;region=us-central1/fbb1ea97-5abb-44e0-a6f4-686763042151?project=411435734882."}}
[debug] [2026-07-27T03:26:21.021Z] Got source token undefined for region us-central1
[debug] [2026-07-27T03:26:21.021Z] Checked if tokens are valid: true, expires at: 1785124516750
[debug] [2026-07-27T03:26:21.021Z] Checked if tokens are valid: true, expires at: 1785124516750
[debug] [2026-07-27T03:26:21.021Z] Checked if tokens are valid: true, expires at: 1785124516750
[debug] [2026-07-27T03:26:21.021Z] Checked if tokens are valid: true, expires at: 1785124516750
[debug] [2026-07-27T03:26:21.021Z] Checked if tokens are valid: true, expires at: 1785124516750
[debug] [2026-07-27T03:26:21.022Z] Checked if tokens are valid: true, expires at: 1785124516750
[debug] [2026-07-27T03:26:21.022Z] Checked if tokens are valid: true, expires at: 1785124516750
[debug] [2026-07-27T03:26:21.022Z] Checked if tokens are valid: true, expires at: 1785124516750
[debug] [2026-07-27T03:26:21.022Z] Checked if tokens are valid: true, expires at: 1785124516750
[debug] [2026-07-27T03:26:21.022Z] Checked if tokens are valid: true, expires at: 1785124516750
[debug] [2026-07-27T03:26:21.022Z] Checked if tokens are valid: true, expires at: 1785124516750
[debug] [2026-07-27T03:26:21.022Z] Checked if tokens are valid: true, expires at: 1785124516750
[debug] [2026-07-27T03:26:21.022Z] >>> [apiv2][query] POST https://cloudfunctions.googleapis.com/v2/projects/lion-e7e25/locations/us-central1/functions functionId=submitDeposit
[debug] [2026-07-27T03:26:21.022Z] >>> [apiv2][body] POST https://cloudfunctions.googleapis.com/v2/projects/lion-e7e25/locations/us-central1/functions {"name":"projects/lion-e7e25/locations/us-central1/functions/submitDeposit","buildConfig":{"runtime":"nodejs24","entryPoint":"submitDeposit","source":{"storageSource":{"bucket":"gcf-v2-uploads-411435734882.us-central1.cloudfunctions.appspot.com","object":"c26c8f08-c1df-40a9-b15a-b9987f45e51d.zip"}},"environmentVariables":{"GOOGLE_NODE_RUN_SCRIPTS":""}},"serviceConfig":{"environmentVariables":{"FIREBASE_CONFIG":"{\"projectId\":\"lion-e7e25\",\"databaseURL\":\"https://lion-e7e25-default-rtdb.firebaseio.com\",\"storageBucket\":\"lion-e7e25.firebasestorage.app\"}","GCLOUD_PROJECT":"lion-e7e25","EVENTARC_CLOUD_EVENT_SOURCE":"projects/lion-e7e25/locations/us-central1/services/submitDeposit","FUNCTION_TARGET":"submitDeposit","LOG_EXECUTION_ID":"true"},"ingressSettings":null,"timeoutSeconds":null,"serviceAccountEmail":null,"availableMemory":"256Mi","minInstanceCount":null,"maxInstanceCount":null,"maxInstanceRequestConcurrency":80,"availableCpu":"1","vpcConnector":null,"vpcConnectorEgressSettings":null,"directVpcNetworkInterface":null,"directVpcEgress":null},"labels":{"deployment-tool":"cli-firebase","deployment-callable":"true","firebase-functions-hash":"165a4ea733c830275c731091a192864a0491126e"}}
[debug] [2026-07-27T03:26:21.022Z] >>> [apiv2][query] POST https://cloudfunctions.googleapis.com/v2/projects/lion-e7e25/locations/us-central1/functions functionId=processVideoTask
[debug] [2026-07-27T03:26:21.022Z] >>> [apiv2][body] POST https://cloudfunctions.googleapis.com/v2/projects/lion-e7e25/locations/us-central1/functions {"name":"projects/lion-e7e25/locations/us-central1/functions/processVideoTask","buildConfig":{"runtime":"nodejs24","entryPoint":"processVideoTask","source":{"storageSource":{"bucket":"gcf-v2-uploads-411435734882.us-central1.cloudfunctions.appspot.com","object":"c26c8f08-c1df-40a9-b15a-b9987f45e51d.zip"}},"environmentVariables":{"GOOGLE_NODE_RUN_SCRIPTS":""}},"serviceConfig":{"environmentVariables":{"FIREBASE_CONFIG":"{\"projectId\":\"lion-e7e25\",\"databaseURL\":\"https://lion-e7e25-default-rtdb.firebaseio.com\",\"storageBucket\":\"lion-e7e25.firebasestorage.app\"}","GCLOUD_PROJECT":"lion-e7e25","EVENTARC_CLOUD_EVENT_SOURCE":"projects/lion-e7e25/locations/us-central1/services/processVideoTask","FUNCTION_TARGET":"processVideoTask","LOG_EXECUTION_ID":"true"},"ingressSettings":null,"timeoutSeconds":null,"serviceAccountEmail":null,"availableMemory":"256Mi","minInstanceCount":null,"maxInstanceCount":null,"maxInstanceRequestConcurrency":80,"availableCpu":"1","vpcConnector":null,"vpcConnectorEgressSettings":null,"directVpcNetworkInterface":null,"directVpcEgress":null},"labels":{"deployment-tool":"cli-firebase","deployment-callable":"true","firebase-functions-hash":"165a4ea733c830275c731091a192864a0491126e"}}
[debug] [2026-07-27T03:26:21.023Z] >>> [apiv2][query] POST https://cloudfunctions.googleapis.com/v2/projects/lion-e7e25/locations/us-central1/functions functionId=checkPendingPassword
[debug] [2026-07-27T03:26:21.023Z] >>> [apiv2][body] POST https://cloudfunctions.googleapis.com/v2/projects/lion-e7e25/locations/us-central1/functions {"name":"projects/lion-e7e25/locations/us-central1/functions/checkPendingPassword","buildConfig":{"runtime":"nodejs24","entryPoint":"checkPendingPassword","source":{"storageSource":{"bucket":"gcf-v2-uploads-411435734882.us-central1.cloudfunctions.appspot.com","object":"c26c8f08-c1df-40a9-b15a-b9987f45e51d.zip"}},"environmentVariables":{"GOOGLE_NODE_RUN_SCRIPTS":""}},"serviceConfig":{"environmentVariables":{"FIREBASE_CONFIG":"{\"projectId\":\"lion-e7e25\",\"databaseURL\":\"https://lion-e7e25-default-rtdb.firebaseio.com\",\"storageBucket\":\"lion-e7e25.firebasestorage.app\"}","GCLOUD_PROJECT":"lion-e7e25","EVENTARC_CLOUD_EVENT_SOURCE":"projects/lion-e7e25/locations/us-central1/services/checkPendingPassword","FUNCTION_TARGET":"checkPendingPassword","LOG_EXECUTION_ID":"true"},"ingressSettings":null,"timeoutSeconds":null,"serviceAccountEmail":null,"availableMemory":"256Mi","minInstanceCount":null,"maxInstanceCount":null,"maxInstanceRequestConcurrency":80,"availableCpu":"1","vpcConnector":null,"vpcConnectorEgressSettings":null,"directVpcNetworkInterface":null,"directVpcEgress":null},"labels":{"deployment-tool":"cli-firebase","deployment-callable":"true","firebase-functions-hash":"165a4ea733c830275c731091a192864a0491126e"}}
[debug] [2026-07-27T03:26:21.023Z] >>> [apiv2][query] POST https://cloudfunctions.googleapis.com/v2/projects/lion-e7e25/locations/us-central1/functions functionId=adminApproveTransaction
[debug] [2026-07-27T03:26:21.023Z] >>> [apiv2][body] POST https://cloudfunctions.googleapis.com/v2/projects/lion-e7e25/locations/us-central1/functions {"name":"projects/lion-e7e25/locations/us-central1/functions/adminApproveTransaction","buildConfig":{"runtime":"nodejs24","entryPoint":"adminApproveTransaction","source":{"storageSource":{"bucket":"gcf-v2-uploads-411435734882.us-central1.cloudfunctions.appspot.com","object":"c26c8f08-c1df-40a9-b15a-b9987f45e51d.zip"}},"environmentVariables":{"GOOGLE_NODE_RUN_SCRIPTS":""}},"serviceConfig":{"environmentVariables":{"FIREBASE_CONFIG":"{\"projectId\":\"lion-e7e25\",\"databaseURL\":\"https://lion-e7e25-default-rtdb.firebaseio.com\",\"storageBucket\":\"lion-e7e25.firebasestorage.app\"}","GCLOUD_PROJECT":"lion-e7e25","EVENTARC_CLOUD_EVENT_SOURCE":"projects/lion-e7e25/locations/us-central1/services/adminApproveTransaction","FUNCTION_TARGET":"adminApproveTransaction","LOG_EXECUTION_ID":"true"},"ingressSettings":null,"timeoutSeconds":null,"serviceAccountEmail":null,"availableMemory":"256Mi","minInstanceCount":null,"maxInstanceCount":null,"maxInstanceRequestConcurrency":80,"availableCpu":"1","vpcConnector":null,"vpcConnectorEgressSettings":null,"directVpcNetworkInterface":null,"directVpcEgress":null},"labels":{"deployment-tool":"cli-firebase","deployment-callable":"true","firebase-functions-hash":"165a4ea733c830275c731091a192864a0491126e"}}
[debug] [2026-07-27T03:26:21.024Z] >>> [apiv2][query] POST https://cloudfunctions.googleapis.com/v2/projects/lion-e7e25/locations/us-central1/functions functionId=adminRejectTransaction
[debug] [2026-07-27T03:26:21.024Z] >>> [apiv2][body] POST https://cloudfunctions.googleapis.com/v2/projects/lion-e7e25/locations/us-central1/functions {"name":"projects/lion-e7e25/locations/us-central1/functions/adminRejectTransaction","buildConfig":{"runtime":"nodejs24","entryPoint":"adminRejectTransaction","source":{"storageSource":{"bucket":"gcf-v2-uploads-411435734882.us-central1.cloudfunctions.appspot.com","object":"c26c8f08-c1df-40a9-b15a-b9987f45e51d.zip"}},"environmentVariables":{"GOOGLE_NODE_RUN_SCRIPTS":""}},"serviceConfig":{"environmentVariables":{"FIREBASE_CONFIG":"{\"projectId\":\"lion-e7e25\",\"databaseURL\":\"https://lion-e7e25-default-rtdb.firebaseio.com\",\"storageBucket\":\"lion-e7e25.firebasestorage.app\"}","GCLOUD_PROJECT":"lion-e7e25","EVENTARC_CLOUD_EVENT_SOURCE":"projects/lion-e7e25/locations/us-central1/services/adminRejectTransaction","FUNCTION_TARGET":"adminRejectTransaction","LOG_EXECUTION_ID":"true"},"ingressSettings":null,"timeoutSeconds":null,"serviceAccountEmail":null,"availableMemory":"256Mi","minInstanceCount":null,"maxInstanceCount":null,"maxInstanceRequestConcurrency":80,"availableCpu":"1","vpcConnector":null,"vpcConnectorEgressSettings":null,"directVpcNetworkInterface":null,"directVpcEgress":null},"labels":{"deployment-tool":"cli-firebase","deployment-callable":"true","firebase-functions-hash":"165a4ea733c830275c731091a192864a0491126e"}}
[debug] [2026-07-27T03:26:21.024Z] >>> [apiv2][query] POST https://cloudfunctions.googleapis.com/v2/projects/lion-e7e25/locations/us-central1/functions functionId=adminUpdateUserProfile
[debug] [2026-07-27T03:26:21.024Z] >>> [apiv2][body] POST https://cloudfunctions.googleapis.com/v2/projects/lion-e7e25/locations/us-central1/functions {"name":"projects/lion-e7e25/locations/us-central1/functions/adminUpdateUserProfile","buildConfig":{"runtime":"nodejs24","entryPoint":"adminUpdateUserProfile","source":{"storageSource":{"bucket":"gcf-v2-uploads-411435734882.us-central1.cloudfunctions.appspot.com","object":"c26c8f08-c1df-40a9-b15a-b9987f45e51d.zip"}},"environmentVariables":{"GOOGLE_NODE_RUN_SCRIPTS":""}},"serviceConfig":{"environmentVariables":{"FIREBASE_CONFIG":"{\"projectId\":\"lion-e7e25\",\"databaseURL\":\"https://lion-e7e25-default-rtdb.firebaseio.com\",\"storageBucket\":\"lion-e7e25.firebasestorage.app\"}","GCLOUD_PROJECT":"lion-e7e25","EVENTARC_CLOUD_EVENT_SOURCE":"projects/lion-e7e25/locations/us-central1/services/adminUpdateUserProfile","FUNCTION_TARGET":"adminUpdateUserProfile","LOG_EXECUTION_ID":"true"},"ingressSettings":null,"timeoutSeconds":null,"serviceAccountEmail":null,"availableMemory":"256Mi","minInstanceCount":null,"maxInstanceCount":null,"maxInstanceRequestConcurrency":80,"availableCpu":"1","vpcConnector":null,"vpcConnectorEgressSettings":null,"directVpcNetworkInterface":null,"directVpcEgress":null},"labels":{"deployment-tool":"cli-firebase","deployment-callable":"true","firebase-functions-hash":"165a4ea733c830275c731091a192864a0491126e"}}
[error] Build failed with status: FAILURE and message: npm error code ERESOLVE
npm error ERESOLVE could not resolve
npm error
npm error While resolving: firebase-functions-test@3.5.0
npm error Found: firebase-functions@7.3.2-rc.0
npm error node_modules/firebase-functions
npm error   firebase-functions@"^7.3.2-rc.0" from the root project
npm error
npm error Could not resolve dependency:
npm error peer firebase-functions@">=4.9.0" from firebase-functions-test@3.5.0
npm error node_modules/firebase-functions-test
npm error   dev firebase-functions-test@"^3.4.1" from the root project
npm error
npm error Conflicting peer dependency: firebase-functions@7.3.0
npm error node_modules/firebase-functions
npm error   peer firebase-functions@">=4.9.0" from firebase-functions-test@3.5.0
npm error   node_modules/firebase-functions-test
npm error     dev firebase-functions-test@"^3.4.1" from the root project
npm error
npm error Fix the upstream dependency conflict, or retry this command with --force or --legacy-peer-deps to accept an incorrect (and potentially broken) dependency resolution.
npm error
npm error
npm error For a full report see:
npm error /www-data-home/.npm/_logs/2026-07-27T03_27_16_879Z-eresolve-report.txt
npm error A complete log of this run can be found in: /www-data-home/.npm/_logs/2026-07-27T03_27_16_879Z-debug-0.log. For more details see the logs at https://console.cloud.google.com/cloud-build/builds;region=us-central1/fbb1ea97-5abb-44e0-a6f4-686763042151?project=411435734882.
[debug] [2026-07-27T03:26:22.206Z] <<< [apiv2][status] POST https://cloudfunctions.googleapis.com/v2/projects/lion-e7e25/locations/us-central1/functions 200
[debug] [2026-07-27T03:26:22.206Z] <<< [apiv2][body] POST https://cloudfunctions.googleapis.com/v2/projects/lion-e7e25/locations/us-central1/functions {"name":"projects/lion-e7e25/locations/us-central1/operations/operation-1785122868450-6578f4e7455fa-83551bd4-a72b5905","metadata":{"@type":"type.googleapis.com/google.cloud.functions.v2.OperationMetadata","createTime":"2026-07-27T03:27:48.907744426Z","target":"projects/lion-e7e25/locations/us-central1/functions/submitDeposit","verb":"create","cancelRequested":false,"apiVersion":"v2"},"done":false}
[debug] [2026-07-27T03:26:22.206Z] Checked if tokens are valid: true, expires at: 1785124516750
[debug] [2026-07-27T03:26:22.206Z] Checked if tokens are valid: true, expires at: 1785124516750
[debug] [2026-07-27T03:26:22.207Z] >>> [apiv2][query] GET https://cloudfunctions.googleapis.com/v2/projects/lion-e7e25/locations/us-central1/operations/operation-1785122868450-6578f4e7455fa-83551bd4-a72b5905 [none]
[debug] [2026-07-27T03:26:22.291Z] <<< [apiv2][status] POST https://cloudfunctions.googleapis.com/v2/projects/lion-e7e25/locations/us-central1/functions 200
[debug] [2026-07-27T03:26:22.291Z] <<< [apiv2][body] POST https://cloudfunctions.googleapis.com/v2/projects/lion-e7e25/locations/us-central1/functions {"name":"projects/lion-e7e25/locations/us-central1/operations/operation-1785122868531-6578f4e759285-f2f148be-673f0926","metadata":{"@type":"type.googleapis.com/google.cloud.functions.v2.OperationMetadata","createTime":"2026-07-27T03:27:48.987256620Z","target":"projects/lion-e7e25/locations/us-central1/functions/processVideoTask","verb":"create","cancelRequested":false,"apiVersion":"v2"},"done":false}
[debug] [2026-07-27T03:26:22.291Z] Checked if tokens are valid: true, expires at: 1785124516750
[debug] [2026-07-27T03:26:22.291Z] Checked if tokens are valid: true, expires at: 1785124516750
[debug] [2026-07-27T03:26:22.291Z] >>> [apiv2][query] GET https://cloudfunctions.googleapis.com/v2/projects/lion-e7e25/locations/us-central1/operations/operation-1785122868531-6578f4e759285-f2f148be-673f0926 [none]
[debug] [2026-07-27T03:26:22.297Z] <<< [apiv2][status] POST https://cloudfunctions.googleapis.com/v2/projects/lion-e7e25/locations/us-central1/functions 200
[debug] [2026-07-27T03:26:22.297Z] <<< [apiv2][body] POST https://cloudfunctions.googleapis.com/v2/projects/lion-e7e25/locations/us-central1/functions {"name":"projects/lion-e7e25/locations/us-central1/operations/operation-1785122868547-6578f4e75d0ff-7436fc82-b7b96d39","metadata":{"@type":"type.googleapis.com/google.cloud.functions.v2.OperationMetadata","createTime":"2026-07-27T03:27:48.991844254Z","target":"projects/lion-e7e25/locations/us-central1/functions/adminRejectTransaction","verb":"create","cancelRequested":false,"apiVersion":"v2"},"done":false}
[debug] [2026-07-27T03:26:22.297Z] Checked if tokens are valid: true, expires at: 1785124516750
[debug] [2026-07-27T03:26:22.297Z] Checked if tokens are valid: true, expires at: 1785124516750
[debug] [2026-07-27T03:26:22.297Z] >>> [apiv2][query] GET https://cloudfunctions.googleapis.com/v2/projects/lion-e7e25/locations/us-central1/operations/operation-1785122868547-6578f4e75d0ff-7436fc82-b7b96d39 [none]
[debug] [2026-07-27T03:26:22.308Z] <<< [apiv2][status] POST https://cloudfunctions.googleapis.com/v2/projects/lion-e7e25/locations/us-central1/functions 200
[debug] [2026-07-27T03:26:22.308Z] <<< [apiv2][body] POST https://cloudfunctions.googleapis.com/v2/projects/lion-e7e25/locations/us-central1/functions {"name":"projects/lion-e7e25/locations/us-central1/operations/operation-1785122868530-6578f4e758bfc-8f07d875-3b8ad724","metadata":{"@type":"type.googleapis.com/google.cloud.functions.v2.OperationMetadata","createTime":"2026-07-27T03:27:48.993798616Z","target":"projects/lion-e7e25/locations/us-central1/functions/adminApproveTransaction","verb":"create","cancelRequested":false,"apiVersion":"v2"},"done":false}
[debug] [2026-07-27T03:26:22.308Z] Checked if tokens are valid: true, expires at: 1785124516750
[debug] [2026-07-27T03:26:22.308Z] Checked if tokens are valid: true, expires at: 1785124516750
[debug] [2026-07-27T03:26:22.308Z] >>> [apiv2][query] GET https://cloudfunctions.googleapis.com/v2/projects/lion-e7e25/locations/us-central1/operations/operation-1785122868530-6578f4e758bfc-8f07d875-3b8ad724 [none]
[debug] [2026-07-27T03:26:22.322Z] <<< [apiv2][status] POST https://cloudfunctions.googleapis.com/v2/projects/lion-e7e25/locations/us-central1/functions 200
[debug] [2026-07-27T03:26:22.322Z] <<< [apiv2][body] POST https://cloudfunctions.googleapis.com/v2/projects/lion-e7e25/locations/us-central1/functions {"name":"projects/lion-e7e25/locations/us-central1/operations/operation-1785122868521-6578f4e756b8e-8cb50f62-eb9686ec","metadata":{"@type":"type.googleapis.com/google.cloud.functions.v2.OperationMetadata","createTime":"2026-07-27T03:27:49.022354032Z","target":"projects/lion-e7e25/locations/us-central1/functions/adminUpdateUserProfile","verb":"create","cancelRequested":false,"apiVersion":"v2"},"done":false}
[debug] [2026-07-27T03:26:22.323Z] Checked if tokens are valid: true, expires at: 1785124516750
[debug] [2026-07-27T03:26:22.323Z] Checked if tokens are valid: true, expires at: 1785124516750
[debug] [2026-07-27T03:26:22.323Z] >>> [apiv2][query] GET https://cloudfunctions.googleapis.com/v2/projects/lion-e7e25/locations/us-central1/operations/operation-1785122868521-6578f4e756b8e-8cb50f62-eb9686ec [none]
[debug] [2026-07-27T03:26:22.356Z] <<< [apiv2][status] POST https://cloudfunctions.googleapis.com/v2/projects/lion-e7e25/locations/us-central1/functions 200
[debug] [2026-07-27T03:26:22.356Z] <<< [apiv2][body] POST https://cloudfunctions.googleapis.com/v2/projects/lion-e7e25/locations/us-central1/functions {"name":"projects/lion-e7e25/locations/us-central1/operations/operation-1785122868530-6578f4e758d20-be04219c-15bb2080","metadata":{"@type":"type.googleapis.com/google.cloud.functions.v2.OperationMetadata","createTime":"2026-07-27T03:27:49.049150567Z","target":"projects/lion-e7e25/locations/us-central1/functions/checkPendingPassword","verb":"create","cancelRequested":false,"apiVersion":"v2"},"done":false}
[debug] [2026-07-27T03:26:22.356Z] Checked if tokens are valid: true, expires at: 1785124516750
[debug] [2026-07-27T03:26:22.356Z] Checked if tokens are valid: true, expires at: 1785124516750
[debug] [2026-07-27T03:26:22.356Z] >>> [apiv2][query] GET https://cloudfunctions.googleapis.com/v2/projects/lion-e7e25/locations/us-central1/operations/operation-1785122868530-6578f4e758d20-be04219c-15bb2080 [none]
[debug] [2026-07-27T03:26:22.917Z] <<< [apiv2][status] GET https://cloudfunctions.googleapis.com/v2/projects/lion-e7e25/locations/us-central1/operations/operation-1785122868450-6578f4e7455fa-83551bd4-a72b5905 200
[debug] [2026-07-27T03:26:22.917Z] <<< [apiv2][body] GET https://cloudfunctions.googleapis.com/v2/projects/lion-e7e25/locations/us-central1/operations/operation-1785122868450-6578f4e7455fa-83551bd4-a72b5905 {"name":"projects/lion-e7e25/locations/us-central1/operations/operation-1785122868450-6578f4e7455fa-83551bd4-a72b5905","metadata":{"@type":"type.googleapis.com/google.cloud.functions.v2.OperationMetadata","createTime":"2026-07-27T03:27:48.907744426Z","target":"projects/lion-e7e25/locations/us-central1/functions/submitDeposit","verb":"create","cancelRequested":false,"apiVersion":"v2","requestResource":{"@type":"type.googleapis.com/google.cloud.functions.v2.Function","name":"projects/lion-e7e25/locations/us-central1/functions/submitDeposit","buildConfig":{"runtime":"nodejs24","entryPoint":"submitDeposit","source":{"storageSource":{"bucket":"gcf-v2-sources-411435734882-us-central1","object":"submitDeposit/function-source.zip","generation":"1785122868687659"}},"environmentVariables":{"GOOGLE_NODE_RUN_SCRIPTS":""},"serviceAccount":"projects/lion-e7e25/serviceAccounts/411435734882-compute@developer.gserviceaccount.com","automaticUpdatePolicy":{}},"serviceConfig":{"service":"projects/lion-e7e25/locations/us-central1/services/submitdeposit","timeoutSeconds":60,"environmentVariables":{"FIREBASE_CONFIG":"{\"projectId\":\"lion-e7e25\",\"databaseURL\":\"https://lion-e7e25-default-rtdb.firebaseio.com\",\"storageBucket\":\"lion-e7e25.firebasestorage.app\"}","GCLOUD_PROJECT":"lion-e7e25","EVENTARC_CLOUD_EVENT_SOURCE":"projects/lion-e7e25/locations/us-central1/services/submitDeposit","FUNCTION_TARGET":"submitDeposit","LOG_EXECUTION_ID":"true"},"ingressSettings":"ALLOW_ALL","serviceAccountEmail":"411435734882-compute@developer.gserviceaccount.com","availableMemory":"256Mi","maxInstanceRequestConcurrency":80,"availableCpu":"1"},"labels":{"deployment-tool":"cli-firebase","deployment-callable":"true","firebase-functions-hash":"165a4ea733c830275c731091a192864a0491126e"},"environment":"GEN_2"},"stages":[{"name":"BUILD","message":"Creating build","state":"IN_PROGRESS","resource":"projects/411435734882/locations/us-central1/builds/17a69e4f-cb6c-45d2-91dd-84e4a4d6c8fa","resourceUri":"https://console.cloud.google.com/cloud-build/builds;region=us-central1/17a69e4f-cb6c-45d2-91dd-84e4a4d6c8fa?project=411435734882"},{"name":"SERVICE","state":"NOT_STARTED"}],"operationType":"CREATE_FUNCTION","buildName":"projects/411435734882/locations/us-central1/builds/17a69e4f-cb6c-45d2-91dd-84e4a4d6c8fa"},"done":false}
[debug] [2026-07-27T03:26:22.978Z] <<< [apiv2][status] GET https://cloudfunctions.googleapis.com/v2/projects/lion-e7e25/locations/us-central1/operations/operation-1785122868531-6578f4e759285-f2f148be-673f0926 200
[debug] [2026-07-27T03:26:22.978Z] <<< [apiv2][body] GET https://cloudfunctions.googleapis.com/v2/projects/lion-e7e25/locations/us-central1/operations/operation-1785122868531-6578f4e759285-f2f148be-673f0926 {"name":"projects/lion-e7e25/locations/us-central1/operations/operation-1785122868531-6578f4e759285-f2f148be-673f0926","metadata":{"@type":"type.googleapis.com/google.cloud.functions.v2.OperationMetadata","createTime":"2026-07-27T03:27:48.987256620Z","target":"projects/lion-e7e25/locations/us-central1/functions/processVideoTask","verb":"create","cancelRequested":false,"apiVersion":"v2","requestResource":{"@type":"type.googleapis.com/google.cloud.functions.v2.Function","name":"projects/lion-e7e25/locations/us-central1/functions/processVideoTask","buildConfig":{"runtime":"nodejs24","entryPoint":"processVideoTask","source":{"storageSource":{"bucket":"gcf-v2-sources-411435734882-us-central1","object":"processVideoTask/function-source.zip","generation":"1785122868762309"}},"environmentVariables":{"GOOGLE_NODE_RUN_SCRIPTS":""},"serviceAccount":"projects/lion-e7e25/serviceAccounts/411435734882-compute@developer.gserviceaccount.com","automaticUpdatePolicy":{}},"serviceConfig":{"service":"projects/lion-e7e25/locations/us-central1/services/processvideotask","timeoutSeconds":60,"environmentVariables":{"FIREBASE_CONFIG":"{\"projectId\":\"lion-e7e25\",\"databaseURL\":\"https://lion-e7e25-default-rtdb.firebaseio.com\",\"storageBucket\":\"lion-e7e25.firebasestorage.app\"}","GCLOUD_PROJECT":"lion-e7e25","EVENTARC_CLOUD_EVENT_SOURCE":"projects/lion-e7e25/locations/us-central1/services/processVideoTask","FUNCTION_TARGET":"processVideoTask","LOG_EXECUTION_ID":"true"},"ingressSettings":"ALLOW_ALL","serviceAccountEmail":"411435734882-compute@developer.gserviceaccount.com","availableMemory":"256Mi","maxInstanceRequestConcurrency":80,"availableCpu":"1"},"labels":{"deployment-tool":"cli-firebase","deployment-callable":"true","firebase-functions-hash":"165a4ea733c830275c731091a192864a0491126e"},"environment":"GEN_2"},"stages":[{"name":"BUILD","message":"Creating build","state":"IN_PROGRESS","resource":"projects/411435734882/locations/us-central1/builds/9f55a9fd-3ba8-48de-83b9-dc0a3de62ffe","resourceUri":"https://console.cloud.google.com/cloud-build/builds;region=us-central1/9f55a9fd-3ba8-48de-83b9-dc0a3de62ffe?project=411435734882"},{"name":"SERVICE","state":"NOT_STARTED"}],"operationType":"CREATE_FUNCTION","buildName":"projects/411435734882/locations/us-central1/builds/9f55a9fd-3ba8-48de-83b9-dc0a3de62ffe"},"done":false}
[debug] [2026-07-27T03:26:22.986Z] <<< [apiv2][status] GET https://cloudfunctions.googleapis.com/v2/projects/lion-e7e25/locations/us-central1/operations/operation-1785122868547-6578f4e75d0ff-7436fc82-b7b96d39 200
[debug] [2026-07-27T03:26:22.986Z] <<< [apiv2][body] GET https://cloudfunctions.googleapis.com/v2/projects/lion-e7e25/locations/us-central1/operations/operation-1785122868547-6578f4e75d0ff-7436fc82-b7b96d39 {"name":"projects/lion-e7e25/locations/us-central1/operations/operation-1785122868547-6578f4e75d0ff-7436fc82-b7b96d39","metadata":{"@type":"type.googleapis.com/google.cloud.functions.v2.OperationMetadata","createTime":"2026-07-27T03:27:48.991844254Z","target":"projects/lion-e7e25/locations/us-central1/functions/adminRejectTransaction","verb":"create","cancelRequested":false,"apiVersion":"v2","requestResource":{"@type":"type.googleapis.com/google.cloud.functions.v2.Function","name":"projects/lion-e7e25/locations/us-central1/functions/adminRejectTransaction","buildConfig":{"runtime":"nodejs24","entryPoint":"adminRejectTransaction","source":{"storageSource":{"bucket":"gcf-v2-sources-411435734882-us-central1","object":"adminRejectTransaction/function-source.zip","generation":"1785122868783833"}},"environmentVariables":{"GOOGLE_NODE_RUN_SCRIPTS":""},"serviceAccount":"projects/lion-e7e25/serviceAccounts/411435734882-compute@developer.gserviceaccount.com","automaticUpdatePolicy":{}},"serviceConfig":{"service":"projects/lion-e7e25/locations/us-central1/services/adminrejecttransaction","timeoutSeconds":60,"environmentVariables":{"FIREBASE_CONFIG":"{\"projectId\":\"lion-e7e25\",\"databaseURL\":\"https://lion-e7e25-default-rtdb.firebaseio.com\",\"storageBucket\":\"lion-e7e25.firebasestorage.app\"}","GCLOUD_PROJECT":"lion-e7e25","EVENTARC_CLOUD_EVENT_SOURCE":"projects/lion-e7e25/locations/us-central1/services/adminRejectTransaction","FUNCTION_TARGET":"adminRejectTransaction","LOG_EXECUTION_ID":"true"},"ingressSettings":"ALLOW_ALL","serviceAccountEmail":"411435734882-compute@developer.gserviceaccount.com","availableMemory":"256Mi","maxInstanceRequestConcurrency":80,"availableCpu":"1"},"labels":{"deployment-tool":"cli-firebase","deployment-callable":"true","firebase-functions-hash":"165a4ea733c830275c731091a192864a0491126e"},"environment":"GEN_2"},"stages":[{"name":"BUILD","message":"Creating build","state":"IN_PROGRESS","resource":"projects/411435734882/locations/us-central1/builds/18ce9598-ef6c-4102-97bc-ef3e3131187c","resourceUri":"https://console.cloud.google.com/cloud-build/builds;region=us-central1/18ce9598-ef6c-4102-97bc-ef3e3131187c?project=411435734882"},{"name":"SERVICE","state":"NOT_STARTED"}],"operationType":"CREATE_FUNCTION","buildName":"projects/411435734882/locations/us-central1/builds/18ce9598-ef6c-4102-97bc-ef3e3131187c"},"done":false}
[debug] [2026-07-27T03:26:22.991Z] <<< [apiv2][status] GET https://cloudfunctions.googleapis.com/v2/projects/lion-e7e25/locations/us-central1/operations/operation-1785122868530-6578f4e758bfc-8f07d875-3b8ad724 200
[debug] [2026-07-27T03:26:22.992Z] <<< [apiv2][body] GET https://cloudfunctions.googleapis.com/v2/projects/lion-e7e25/locations/us-central1/operations/operation-1785122868530-6578f4e758bfc-8f07d875-3b8ad724 {"name":"projects/lion-e7e25/locations/us-central1/operations/operation-1785122868530-6578f4e758bfc-8f07d875-3b8ad724","metadata":{"@type":"type.googleapis.com/google.cloud.functions.v2.OperationMetadata","createTime":"2026-07-27T03:27:48.993798616Z","target":"projects/lion-e7e25/locations/us-central1/functions/adminApproveTransaction","verb":"create","cancelRequested":false,"apiVersion":"v2","requestResource":{"@type":"type.googleapis.com/google.cloud.functions.v2.Function","name":"projects/lion-e7e25/locations/us-central1/functions/adminApproveTransaction","buildConfig":{"runtime":"nodejs24","entryPoint":"adminApproveTransaction","source":{"storageSource":{"bucket":"gcf-v2-sources-411435734882-us-central1","object":"adminApproveTransaction/function-source.zip","generation":"1785122868773071"}},"environmentVariables":{"GOOGLE_NODE_RUN_SCRIPTS":""},"serviceAccount":"projects/lion-e7e25/serviceAccounts/411435734882-compute@developer.gserviceaccount.com","automaticUpdatePolicy":{}},"serviceConfig":{"service":"projects/lion-e7e25/locations/us-central1/services/adminapprovetransaction","timeoutSeconds":60,"environmentVariables":{"FIREBASE_CONFIG":"{\"projectId\":\"lion-e7e25\",\"databaseURL\":\"https://lion-e7e25-default-rtdb.firebaseio.com\",\"storageBucket\":\"lion-e7e25.firebasestorage.app\"}","GCLOUD_PROJECT":"lion-e7e25","EVENTARC_CLOUD_EVENT_SOURCE":"projects/lion-e7e25/locations/us-central1/services/adminApproveTransaction","FUNCTION_TARGET":"adminApproveTransaction","LOG_EXECUTION_ID":"true"},"ingressSettings":"ALLOW_ALL","serviceAccountEmail":"411435734882-compute@developer.gserviceaccount.com","availableMemory":"256Mi","maxInstanceRequestConcurrency":80,"availableCpu":"1"},"labels":{"deployment-tool":"cli-firebase","deployment-callable":"true","firebase-functions-hash":"165a4ea733c830275c731091a192864a0491126e"},"environment":"GEN_2"},"stages":[{"name":"BUILD","message":"Creating build","state":"IN_PROGRESS","resource":"projects/411435734882/locations/us-central1/builds/912a657a-f094-4937-b873-8f76336f4dd2","resourceUri":"https://console.cloud.google.com/cloud-build/builds;region=us-central1/912a657a-f094-4937-b873-8f76336f4dd2?project=411435734882"},{"name":"SERVICE","state":"NOT_STARTED"}],"operationType":"CREATE_FUNCTION","buildName":"projects/411435734882/locations/us-central1/builds/912a657a-f094-4937-b873-8f76336f4dd2"},"done":false}
[debug] [2026-07-27T03:26:23.009Z] <<< [apiv2][status] GET https://cloudfunctions.googleapis.com/v2/projects/lion-e7e25/locations/us-central1/operations/operation-1785122868521-6578f4e756b8e-8cb50f62-eb9686ec 200
[debug] [2026-07-27T03:26:23.009Z] <<< [apiv2][body] GET https://cloudfunctions.googleapis.com/v2/projects/lion-e7e25/locations/us-central1/operations/operation-1785122868521-6578f4e756b8e-8cb50f62-eb9686ec {"name":"projects/lion-e7e25/locations/us-central1/operations/operation-1785122868521-6578f4e756b8e-8cb50f62-eb9686ec","metadata":{"@type":"type.googleapis.com/google.cloud.functions.v2.OperationMetadata","createTime":"2026-07-27T03:27:49.022354032Z","target":"projects/lion-e7e25/locations/us-central1/functions/adminUpdateUserProfile","verb":"create","cancelRequested":false,"apiVersion":"v2","requestResource":{"@type":"type.googleapis.com/google.cloud.functions.v2.Function","name":"projects/lion-e7e25/locations/us-central1/functions/adminUpdateUserProfile","buildConfig":{"runtime":"nodejs24","entryPoint":"adminUpdateUserProfile","source":{"storageSource":{"bucket":"gcf-v2-sources-411435734882-us-central1","object":"adminUpdateUserProfile/function-source.zip","generation":"1785122868785250"}},"environmentVariables":{"GOOGLE_NODE_RUN_SCRIPTS":""},"serviceAccount":"projects/lion-e7e25/serviceAccounts/411435734882-compute@developer.gserviceaccount.com","automaticUpdatePolicy":{}},"serviceConfig":{"service":"projects/lion-e7e25/locations/us-central1/services/adminupdateuserprofile","timeoutSeconds":60,"environmentVariables":{"FIREBASE_CONFIG":"{\"projectId\":\"lion-e7e25\",\"databaseURL\":\"https://lion-e7e25-default-rtdb.firebaseio.com\",\"storageBucket\":\"lion-e7e25.firebasestorage.app\"}","GCLOUD_PROJECT":"lion-e7e25","EVENTARC_CLOUD_EVENT_SOURCE":"projects/lion-e7e25/locations/us-central1/services/adminUpdateUserProfile","FUNCTION_TARGET":"adminUpdateUserProfile","LOG_EXECUTION_ID":"true"},"ingressSettings":"ALLOW_ALL","serviceAccountEmail":"411435734882-compute@developer.gserviceaccount.com","availableMemory":"256Mi","maxInstanceRequestConcurrency":80,"availableCpu":"1"},"labels":{"deployment-tool":"cli-firebase","deployment-callable":"true","firebase-functions-hash":"165a4ea733c830275c731091a192864a0491126e"},"environment":"GEN_2"},"stages":[{"name":"BUILD","message":"Creating build","state":"IN_PROGRESS","resource":"projects/411435734882/locations/us-central1/builds/27ec3ff3-4a81-4732-a73d-a9fa3b5db5a6","resourceUri":"https://console.cloud.google.com/cloud-build/builds;region=us-central1/27ec3ff3-4a81-4732-a73d-a9fa3b5db5a6?project=411435734882"},{"name":"SERVICE","state":"NOT_STARTED"}],"operationType":"CREATE_FUNCTION","buildName":"projects/411435734882/locations/us-central1/builds/27ec3ff3-4a81-4732-a73d-a9fa3b5db5a6"},"done":false}
[debug] [2026-07-27T03:26:23.070Z] <<< [apiv2][status] GET https://cloudfunctions.googleapis.com/v2/projects/lion-e7e25/locations/us-central1/operations/operation-1785122868530-6578f4e758d20-be04219c-15bb2080 200
[debug] [2026-07-27T03:26:23.070Z] <<< [apiv2][body] GET https://cloudfunctions.googleapis.com/v2/projects/lion-e7e25/locations/us-central1/operations/operation-1785122868530-6578f4e758d20-be04219c-15bb2080 {"name":"projects/lion-e7e25/locations/us-central1/operations/operation-1785122868530-6578f4e758d20-be04219c-15bb2080","metadata":{"@type":"type.googleapis.com/google.cloud.functions.v2.OperationMetadata","createTime":"2026-07-27T03:27:49.049150567Z","target":"projects/lion-e7e25/locations/us-central1/functions/checkPendingPassword","verb":"create","cancelRequested":false,"apiVersion":"v2","requestResource":{"@type":"type.googleapis.com/google.cloud.functions.v2.Function","name":"projects/lion-e7e25/locations/us-central1/functions/checkPendingPassword","buildConfig":{"runtime":"nodejs24","entryPoint":"checkPendingPassword","source":{"storageSource":{"bucket":"gcf-v2-sources-411435734882-us-central1","object":"checkPendingPassword/function-source.zip","generation":"1785122868790167"}},"environmentVariables":{"GOOGLE_NODE_RUN_SCRIPTS":""},"serviceAccount":"projects/lion-e7e25/serviceAccounts/411435734882-compute@developer.gserviceaccount.com","automaticUpdatePolicy":{}},"serviceConfig":{"service":"projects/lion-e7e25/locations/us-central1/services/checkpendingpassword","timeoutSeconds":60,"environmentVariables":{"FIREBASE_CONFIG":"{\"projectId\":\"lion-e7e25\",\"databaseURL\":\"https://lion-e7e25-default-rtdb.firebaseio.com\",\"storageBucket\":\"lion-e7e25.firebasestorage.app\"}","GCLOUD_PROJECT":"lion-e7e25","EVENTARC_CLOUD_EVENT_SOURCE":"projects/lion-e7e25/locations/us-central1/services/checkPendingPassword","FUNCTION_TARGET":"checkPendingPassword","LOG_EXECUTION_ID":"true"},"ingressSettings":"ALLOW_ALL","serviceAccountEmail":"411435734882-compute@developer.gserviceaccount.com","availableMemory":"256Mi","maxInstanceRequestConcurrency":80,"availableCpu":"1"},"labels":{"deployment-tool":"cli-firebase","deployment-callable":"true","firebase-functions-hash":"165a4ea733c830275c731091a192864a0491126e"},"environment":"GEN_2"},"stages":[{"name":"BUILD","message":"Creating build","state":"IN_PROGRESS","resource":"projects/411435734882/locations/us-central1/builds/931bb83b-6003-4656-82b2-9de600ef47ee","resourceUri":"https://console.cloud.google.com/cloud-build/builds;region=us-central1/931bb83b-6003-4656-82b2-9de600ef47ee?project=411435734882"},{"name":"SERVICE","state":"NOT_STARTED"}],"operationType":"CREATE_FUNCTION","buildName":"projects/411435734882/locations/us-central1/builds/931bb83b-6003-4656-82b2-9de600ef47ee"},"done":false}
[debug] [2026-07-27T03:26:23.417Z] [create-default-us-central1-submitDeposit] Retrying task index 0
[debug] [2026-07-27T03:26:23.418Z] Checked if tokens are valid: true, expires at: 1785124516750
[debug] [2026-07-27T03:26:23.418Z] Checked if tokens are valid: true, expires at: 1785124516750
[debug] [2026-07-27T03:26:23.418Z] >>> [apiv2][query] GET https://cloudfunctions.googleapis.com/v2/projects/lion-e7e25/locations/us-central1/operations/operation-1785122868450-6578f4e7455fa-83551bd4-a72b5905 [none]
[debug] [2026-07-27T03:26:23.478Z] [create-default-us-central1-processVideoTask] Retrying task index 0
[debug] [2026-07-27T03:26:23.479Z] Checked if tokens are valid: true, expires at: 1785124516750
[debug] [2026-07-27T03:26:23.479Z] Checked if tokens are valid: true, expires at: 1785124516750
[debug] [2026-07-27T03:26:23.479Z] >>> [apiv2][query] GET https://cloudfunctions.googleapis.com/v2/projects/lion-e7e25/locations/us-central1/operations/operation-1785122868531-6578f4e759285-f2f148be-673f0926 [none]
[debug] [2026-07-27T03:26:23.487Z] [create-default-us-central1-adminRejectTransaction] Retrying task index 0
[debug] [2026-07-27T03:26:23.488Z] Checked if tokens are valid: true, expires at: 1785124516750
[debug] [2026-07-27T03:26:23.488Z] Checked if tokens are valid: true, expires at: 1785124516750
[debug] [2026-07-27T03:26:23.488Z] >>> [apiv2][query] GET https://cloudfunctions.googleapis.com/v2/projects/lion-e7e25/locations/us-central1/operations/operation-1785122868547-6578f4e75d0ff-7436fc82-b7b96d39 [none]
[debug] [2026-07-27T03:26:23.493Z] [create-default-us-central1-adminApproveTransaction] Retrying task index 0
[debug] [2026-07-27T03:26:23.493Z] Checked if tokens are valid: true, expires at: 1785124516750
[debug] [2026-07-27T03:26:23.493Z] Checked if tokens are valid: true, expires at: 1785124516750
[debug] [2026-07-27T03:26:23.493Z] >>> [apiv2][query] GET https://cloudfunctions.googleapis.com/v2/projects/lion-e7e25/locations/us-central1/operations/operation-1785122868530-6578f4e758bfc-8f07d875-3b8ad724 [none]
[debug] [2026-07-27T03:26:23.510Z] [create-default-us-central1-adminUpdateUserProfile] Retrying task index 0
[debug] [2026-07-27T03:26:23.511Z] Checked if tokens are valid: true, expires at: 1785124516750
[debug] [2026-07-27T03:26:23.511Z] Checked if tokens are valid: true, expires at: 1785124516750
[debug] [2026-07-27T03:26:23.511Z] >>> [apiv2][query] GET https://cloudfunctions.googleapis.com/v2/projects/lion-e7e25/locations/us-central1/operations/operation-1785122868521-6578f4e756b8e-8cb50f62-eb9686ec [none]
[debug] [2026-07-27T03:26:23.571Z] [create-default-us-central1-checkPendingPassword] Retrying task index 0
[debug] [2026-07-27T03:26:23.571Z] Checked if tokens are valid: true, expires at: 1785124516750
[debug] [2026-07-27T03:26:23.572Z] Checked if tokens are valid: true, expires at: 1785124516750
[debug] [2026-07-27T03:26:23.572Z] >>> [apiv2][query] GET https://cloudfunctions.googleapis.com/v2/projects/lion-e7e25/locations/us-central1/operations/operation-1785122868530-6578f4e758d20-be04219c-15bb2080 [none]
[debug] [2026-07-27T03:26:23.671Z] <<< [apiv2][status] GET https://cloudfunctions.googleapis.com/v2/projects/lion-e7e25/locations/us-central1/operations/operation-1785122868530-6578f4e758bfc-8f07d875-3b8ad724 200
[debug] [2026-07-27T03:26:23.671Z] <<< [apiv2][body] GET https://cloudfunctions.googleapis.com/v2/projects/lion-e7e25/locations/us-central1/operations/operation-1785122868530-6578f4e758bfc-8f07d875-3b8ad724 {"name":"projects/lion-e7e25/locations/us-central1/operations/operation-1785122868530-6578f4e758bfc-8f07d875-3b8ad724","metadata":{"@type":"type.googleapis.com/google.cloud.functions.v2.OperationMetadata","createTime":"2026-07-27T03:27:48.993798616Z","target":"projects/lion-e7e25/locations/us-central1/functions/adminApproveTransaction","verb":"create","cancelRequested":false,"apiVersion":"v2","requestResource":{"@type":"type.googleapis.com/google.cloud.functions.v2.Function","name":"projects/lion-e7e25/locations/us-central1/functions/adminApproveTransaction","buildConfig":{"runtime":"nodejs24","entryPoint":"adminApproveTransaction","source":{"storageSource":{"bucket":"gcf-v2-sources-411435734882-us-central1","object":"adminApproveTransaction/function-source.zip","generation":"1785122868773071"}},"environmentVariables":{"GOOGLE_NODE_RUN_SCRIPTS":""},"serviceAccount":"projects/lion-e7e25/serviceAccounts/411435734882-compute@developer.gserviceaccount.com","automaticUpdatePolicy":{}},"serviceConfig":{"service":"projects/lion-e7e25/locations/us-central1/services/adminapprovetransaction","timeoutSeconds":60,"environmentVariables":{"FIREBASE_CONFIG":"{\"projectId\":\"lion-e7e25\",\"databaseURL\":\"https://lion-e7e25-default-rtdb.firebaseio.com\",\"storageBucket\":\"lion-e7e25.firebasestorage.app\"}","GCLOUD_PROJECT":"lion-e7e25","EVENTARC_CLOUD_EVENT_SOURCE":"projects/lion-e7e25/locations/us-central1/services/adminApproveTransaction","FUNCTION_TARGET":"adminApproveTransaction","LOG_EXECUTION_ID":"true"},"ingressSettings":"ALLOW_ALL","serviceAccountEmail":"411435734882-compute@developer.gserviceaccount.com","availableMemory":"256Mi","maxInstanceRequestConcurrency":80,"availableCpu":"1"},"labels":{"deployment-tool":"cli-firebase","deployment-callable":"true","firebase-functions-hash":"165a4ea733c830275c731091a192864a0491126e"},"environment":"GEN_2"},"stages":[{"name":"BUILD","message":"Build in progress","state":"IN_PROGRESS","resource":"projects/411435734882/locations/us-central1/builds/912a657a-f094-4937-b873-8f76336f4dd2","resourceUri":"https://console.cloud.google.com/cloud-build/builds;region=us-central1/912a657a-f094-4937-b873-8f76336f4dd2?project=411435734882"},{"name":"SERVICE","state":"NOT_STARTED"}],"operationType":"CREATE_FUNCTION","buildName":"projects/411435734882/locations/us-central1/builds/912a657a-f094-4937-b873-8f76336f4dd2"},"done":false}
[debug] [2026-07-27T03:26:24.096Z] <<< [apiv2][status] GET https://cloudfunctions.googleapis.com/v2/projects/lion-e7e25/locations/us-central1/operations/operation-1785122868450-6578f4e7455fa-83551bd4-a72b5905 200
[debug] [2026-07-27T03:26:24.096Z] <<< [apiv2][body] GET https://cloudfunctions.googleapis.com/v2/projects/lion-e7e25/locations/us-central1/operations/operation-1785122868450-6578f4e7455fa-83551bd4-a72b5905 {"name":"projects/lion-e7e25/locations/us-central1/operations/operation-1785122868450-6578f4e7455fa-83551bd4-a72b5905","metadata":{"@type":"type.googleapis.com/google.cloud.functions.v2.OperationMetadata","createTime":"2026-07-27T03:27:48.907744426Z","target":"projects/lion-e7e25/locations/us-central1/functions/submitDeposit","verb":"create","cancelRequested":false,"apiVersion":"v2","requestResource":{"@type":"type.googleapis.com/google.cloud.functions.v2.Function","name":"projects/lion-e7e25/locations/us-central1/functions/submitDeposit","buildConfig":{"runtime":"nodejs24","entryPoint":"submitDeposit","source":{"storageSource":{"bucket":"gcf-v2-sources-411435734882-us-central1","object":"submitDeposit/function-source.zip","generation":"1785122868687659"}},"environmentVariables":{"GOOGLE_NODE_RUN_SCRIPTS":""},"serviceAccount":"projects/lion-e7e25/serviceAccounts/411435734882-compute@developer.gserviceaccount.com","automaticUpdatePolicy":{}},"serviceConfig":{"service":"projects/lion-e7e25/locations/us-central1/services/submitdeposit","timeoutSeconds":60,"environmentVariables":{"FIREBASE_CONFIG":"{\"projectId\":\"lion-e7e25\",\"databaseURL\":\"https://lion-e7e25-default-rtdb.firebaseio.com\",\"storageBucket\":\"lion-e7e25.firebasestorage.app\"}","GCLOUD_PROJECT":"lion-e7e25","EVENTARC_CLOUD_EVENT_SOURCE":"projects/lion-e7e25/locations/us-central1/services/submitDeposit","FUNCTION_TARGET":"submitDeposit","LOG_EXECUTION_ID":"true"},"ingressSettings":"ALLOW_ALL","serviceAccountEmail":"411435734882-compute@developer.gserviceaccount.com","availableMemory":"256Mi","maxInstanceRequestConcurrency":80,"availableCpu":"1"},"labels":{"deployment-tool":"cli-firebase","deployment-callable":"true","firebase-functions-hash":"165a4ea733c830275c731091a192864a0491126e"},"environment":"GEN_2"},"stages":[{"name":"BUILD","message":"Build in progress","state":"IN_PROGRESS","resource":"projects/411435734882/locations/us-central1/builds/17a69e4f-cb6c-45d2-91dd-84e4a4d6c8fa","resourceUri":"https://console.cloud.google.com/cloud-build/builds;region=us-central1/17a69e4f-cb6c-45d2-91dd-84e4a4d6c8fa?project=411435734882"},{"name":"SERVICE","state":"NOT_STARTED"}],"operationType":"CREATE_FUNCTION","buildName":"projects/411435734882/locations/us-central1/builds/17a69e4f-cb6c-45d2-91dd-84e4a4d6c8fa"},"done":false}
[debug] [2026-07-27T03:26:24.169Z] <<< [apiv2][status] GET https://cloudfunctions.googleapis.com/v2/projects/lion-e7e25/locations/us-central1/operations/operation-1785122868531-6578f4e759285-f2f148be-673f0926 200
[debug] [2026-07-27T03:26:24.169Z] <<< [apiv2][body] GET https://cloudfunctions.googleapis.com/v2/projects/lion-e7e25/locations/us-central1/operations/operation-1785122868531-6578f4e759285-f2f148be-673f0926 {"name":"projects/lion-e7e25/locations/us-central1/operations/operation-1785122868531-6578f4e759285-f2f148be-673f0926","metadata":{"@type":"type.googleapis.com/google.cloud.functions.v2.OperationMetadata","createTime":"2026-07-27T03:27:48.987256620Z","target":"projects/lion-e7e25/locations/us-central1/functions/processVideoTask","verb":"create","cancelRequested":false,"apiVersion":"v2","requestResource":{"@type":"type.googleapis.com/google.cloud.functions.v2.Function","name":"projects/lion-e7e25/locations/us-central1/functions/processVideoTask","buildConfig":{"runtime":"nodejs24","entryPoint":"processVideoTask","source":{"storageSource":{"bucket":"gcf-v2-sources-411435734882-us-central1","object":"processVideoTask/function-source.zip","generation":"1785122868762309"}},"environmentVariables":{"GOOGLE_NODE_RUN_SCRIPTS":""},"serviceAccount":"projects/lion-e7e25/serviceAccounts/411435734882-compute@developer.gserviceaccount.com","automaticUpdatePolicy":{}},"serviceConfig":{"service":"projects/lion-e7e25/locations/us-central1/services/processvideotask","timeoutSeconds":60,"environmentVariables":{"FIREBASE_CONFIG":"{\"projectId\":\"lion-e7e25\",\"databaseURL\":\"https://lion-e7e25-default-rtdb.firebaseio.com\",\"storageBucket\":\"lion-e7e25.firebasestorage.app\"}","GCLOUD_PROJECT":"lion-e7e25","EVENTARC_CLOUD_EVENT_SOURCE":"projects/lion-e7e25/locations/us-central1/services/processVideoTask","FUNCTION_TARGET":"processVideoTask","LOG_EXECUTION_ID":"true"},"ingressSettings":"ALLOW_ALL","serviceAccountEmail":"411435734882-compute@developer.gserviceaccount.com","availableMemory":"256Mi","maxInstanceRequestConcurrency":80,"availableCpu":"1"},"labels":{"deployment-tool":"cli-firebase","deployment-callable":"true","firebase-functions-hash":"165a4ea733c830275c731091a192864a0491126e"},"environment":"GEN_2"},"stages":[{"name":"BUILD","message":"Build in progress","state":"IN_PROGRESS","resource":"projects/411435734882/locations/us-central1/builds/9f55a9fd-3ba8-48de-83b9-dc0a3de62ffe","resourceUri":"https://console.cloud.google.com/cloud-build/builds;region=us-central1/9f55a9fd-3ba8-48de-83b9-dc0a3de62ffe?project=411435734882"},{"name":"SERVICE","state":"NOT_STARTED"}],"operationType":"CREATE_FUNCTION","buildName":"projects/411435734882/locations/us-central1/builds/9f55a9fd-3ba8-48de-83b9-dc0a3de62ffe"},"done":false}
[debug] [2026-07-27T03:26:24.181Z] <<< [apiv2][status] GET https://cloudfunctions.googleapis.com/v2/projects/lion-e7e25/locations/us-central1/operations/operation-1785122868547-6578f4e75d0ff-7436fc82-b7b96d39 200
[debug] [2026-07-27T03:26:24.181Z] <<< [apiv2][body] GET https://cloudfunctions.googleapis.com/v2/projects/lion-e7e25/locations/us-central1/operations/operation-1785122868547-6578f4e75d0ff-7436fc82-b7b96d39 {"name":"projects/lion-e7e25/locations/us-central1/operations/operation-1785122868547-6578f4e75d0ff-7436fc82-b7b96d39","metadata":{"@type":"type.googleapis.com/google.cloud.functions.v2.OperationMetadata","createTime":"2026-07-27T03:27:48.991844254Z","target":"projects/lion-e7e25/locations/us-central1/functions/adminRejectTransaction","verb":"create","cancelRequested":false,"apiVersion":"v2","requestResource":{"@type":"type.googleapis.com/google.cloud.functions.v2.Function","name":"projects/lion-e7e25/locations/us-central1/functions/adminRejectTransaction","buildConfig":{"runtime":"nodejs24","entryPoint":"adminRejectTransaction","source":{"storageSource":{"bucket":"gcf-v2-sources-411435734882-us-central1","object":"adminRejectTransaction/function-source.zip","generation":"1785122868783833"}},"environmentVariables":{"GOOGLE_NODE_RUN_SCRIPTS":""},"serviceAccount":"projects/lion-e7e25/serviceAccounts/411435734882-compute@developer.gserviceaccount.com","automaticUpdatePolicy":{}},"serviceConfig":{"service":"projects/lion-e7e25/locations/us-central1/services/adminrejecttransaction","timeoutSeconds":60,"environmentVariables":{"FIREBASE_CONFIG":"{\"projectId\":\"lion-e7e25\",\"databaseURL\":\"https://lion-e7e25-default-rtdb.firebaseio.com\",\"storageBucket\":\"lion-e7e25.firebasestorage.app\"}","GCLOUD_PROJECT":"lion-e7e25","EVENTARC_CLOUD_EVENT_SOURCE":"projects/lion-e7e25/locations/us-central1/services/adminRejectTransaction","FUNCTION_TARGET":"adminRejectTransaction","LOG_EXECUTION_ID":"true"},"ingressSettings":"ALLOW_ALL","serviceAccountEmail":"411435734882-compute@developer.gserviceaccount.com","availableMemory":"256Mi","maxInstanceRequestConcurrency":80,"availableCpu":"1"},"labels":{"deployment-tool":"cli-firebase","deployment-callable":"true","firebase-functions-hash":"165a4ea733c830275c731091a192864a0491126e"},"environment":"GEN_2"},"stages":[{"name":"BUILD","message":"Build in progress","state":"IN_PROGRESS","resource":"projects/411435734882/locations/us-central1/builds/18ce9598-ef6c-4102-97bc-ef3e3131187c","resourceUri":"https://console.cloud.google.com/cloud-build/builds;region=us-central1/18ce9598-ef6c-4102-97bc-ef3e3131187c?project=411435734882"},{"name":"SERVICE","state":"NOT_STARTED"}],"operationType":"CREATE_FUNCTION","buildName":"projects/411435734882/locations/us-central1/builds/18ce9598-ef6c-4102-97bc-ef3e3131187c"},"done":false}
[debug] [2026-07-27T03:26:24.220Z] <<< [apiv2][status] GET https://cloudfunctions.googleapis.com/v2/projects/lion-e7e25/locations/us-central1/operations/operation-1785122868521-6578f4e756b8e-8cb50f62-eb9686ec 200
[debug] [2026-07-27T03:26:24.220Z] <<< [apiv2][body] GET https://cloudfunctions.googleapis.com/v2/projects/lion-e7e25/locations/us-central1/operations/operation-1785122868521-6578f4e756b8e-8cb50f62-eb9686ec {"name":"projects/lion-e7e25/locations/us-central1/operations/operation-1785122868521-6578f4e756b8e-8cb50f62-eb9686ec","metadata":{"@type":"type.googleapis.com/google.cloud.functions.v2.OperationMetadata","createTime":"2026-07-27T03:27:49.022354032Z","target":"projects/lion-e7e25/locations/us-central1/functions/adminUpdateUserProfile","verb":"create","cancelRequested":false,"apiVersion":"v2","requestResource":{"@type":"type.googleapis.com/google.cloud.functions.v2.Function","name":"projects/lion-e7e25/locations/us-central1/functions/adminUpdateUserProfile","buildConfig":{"runtime":"nodejs24","entryPoint":"adminUpdateUserProfile","source":{"storageSource":{"bucket":"gcf-v2-sources-411435734882-us-central1","object":"adminUpdateUserProfile/function-source.zip","generation":"1785122868785250"}},"environmentVariables":{"GOOGLE_NODE_RUN_SCRIPTS":""},"serviceAccount":"projects/lion-e7e25/serviceAccounts/411435734882-compute@developer.gserviceaccount.com","automaticUpdatePolicy":{}},"serviceConfig":{"service":"projects/lion-e7e25/locations/us-central1/services/adminupdateuserprofile","timeoutSeconds":60,"environmentVariables":{"FIREBASE_CONFIG":"{\"projectId\":\"lion-e7e25\",\"databaseURL\":\"https://lion-e7e25-default-rtdb.firebaseio.com\",\"storageBucket\":\"lion-e7e25.firebasestorage.app\"}","GCLOUD_PROJECT":"lion-e7e25","EVENTARC_CLOUD_EVENT_SOURCE":"projects/lion-e7e25/locations/us-central1/services/adminUpdateUserProfile","FUNCTION_TARGET":"adminUpdateUserProfile","LOG_EXECUTION_ID":"true"},"ingressSettings":"ALLOW_ALL","serviceAccountEmail":"411435734882-compute@developer.gserviceaccount.com","availableMemory":"256Mi","maxInstanceRequestConcurrency":80,"availableCpu":"1"},"labels":{"deployment-tool":"cli-firebase","deployment-callable":"true","firebase-functions-hash":"165a4ea733c830275c731091a192864a0491126e"},"environment":"GEN_2"},"stages":[{"name":"BUILD","message":"Build in progress","state":"IN_PROGRESS","resource":"projects/411435734882/locations/us-central1/builds/27ec3ff3-4a81-4732-a73d-a9fa3b5db5a6","resourceUri":"https://console.cloud.google.com/cloud-build/builds;region=us-central1/27ec3ff3-4a81-4732-a73d-a9fa3b5db5a6?project=411435734882"},{"name":"SERVICE","state":"NOT_STARTED"}],"operationType":"CREATE_FUNCTION","buildName":"projects/411435734882/locations/us-central1/builds/27ec3ff3-4a81-4732-a73d-a9fa3b5db5a6"},"done":false}
[debug] [2026-07-27T03:26:24.262Z] <<< [apiv2][status] GET https://cloudfunctions.googleapis.com/v2/projects/lion-e7e25/locations/us-central1/operations/operation-1785122868530-6578f4e758d20-be04219c-15bb2080 200
[debug] [2026-07-27T03:26:24.262Z] <<< [apiv2][body] GET https://cloudfunctions.googleapis.com/v2/projects/lion-e7e25/locations/us-central1/operations/operation-1785122868530-6578f4e758d20-be04219c-15bb2080 {"name":"projects/lion-e7e25/locations/us-central1/operations/operation-1785122868530-6578f4e758d20-be04219c-15bb2080","metadata":{"@type":"type.googleapis.com/google.cloud.functions.v2.OperationMetadata","createTime":"2026-07-27T03:27:49.049150567Z","target":"projects/lion-e7e25/locations/us-central1/functions/checkPendingPassword","verb":"create","cancelRequested":false,"apiVersion":"v2","requestResource":{"@type":"type.googleapis.com/google.cloud.functions.v2.Function","name":"projects/lion-e7e25/locations/us-central1/functions/checkPendingPassword","buildConfig":{"runtime":"nodejs24","entryPoint":"checkPendingPassword","source":{"storageSource":{"bucket":"gcf-v2-sources-411435734882-us-central1","object":"checkPendingPassword/function-source.zip","generation":"1785122868790167"}},"environmentVariables":{"GOOGLE_NODE_RUN_SCRIPTS":""},"serviceAccount":"projects/lion-e7e25/serviceAccounts/411435734882-compute@developer.gserviceaccount.com","automaticUpdatePolicy":{}},"serviceConfig":{"service":"projects/lion-e7e25/locations/us-central1/services/checkpendingpassword","timeoutSeconds":60,"environmentVariables":{"FIREBASE_CONFIG":"{\"projectId\":\"lion-e7e25\",\"databaseURL\":\"https://lion-e7e25-default-rtdb.firebaseio.com\",\"storageBucket\":\"lion-e7e25.firebasestorage.app\"}","GCLOUD_PROJECT":"lion-e7e25","EVENTARC_CLOUD_EVENT_SOURCE":"projects/lion-e7e25/locations/us-central1/services/checkPendingPassword","FUNCTION_TARGET":"checkPendingPassword","LOG_EXECUTION_ID":"true"},"ingressSettings":"ALLOW_ALL","serviceAccountEmail":"411435734882-compute@developer.gserviceaccount.com","availableMemory":"256Mi","maxInstanceRequestConcurrency":80,"availableCpu":"1"},"labels":{"deployment-tool":"cli-firebase","deployment-callable":"true","firebase-functions-hash":"165a4ea733c830275c731091a192864a0491126e"},"environment":"GEN_2"},"stages":[{"name":"BUILD","message":"Build in progress","state":"IN_PROGRESS","resource":"projects/411435734882/locations/us-central1/builds/931bb83b-6003-4656-82b2-9de600ef47ee","resourceUri":"https://console.cloud.google.com/cloud-build/builds;region=us-central1/931bb83b-6003-4656-82b2-9de600ef47ee?project=411435734882"},{"name":"SERVICE","state":"NOT_STARTED"}],"operationType":"CREATE_FUNCTION","buildName":"projects/411435734882/locations/us-central1/builds/931bb83b-6003-4656-82b2-9de600ef47ee"},"done":false}
[debug] [2026-07-27T03:26:24.673Z] [create-default-us-central1-adminApproveTransaction] Retrying task index 0
[debug] [2026-07-27T03:26:24.673Z] Checked if tokens are valid: true, expires at: 1785124516750
[debug] [2026-07-27T03:26:24.673Z] Checked if tokens are valid: true, expires at: 1785124516750
[debug] [2026-07-27T03:26:24.673Z] >>> [apiv2][query] GET https://cloudfunctions.googleapis.com/v2/projects/lion-e7e25/locations/us-central1/operations/operation-1785122868530-6578f4e758bfc-8f07d875-3b8ad724 [none]
[debug] [2026-07-27T03:26:25.096Z] [create-default-us-central1-submitDeposit] Retrying task index 0
[debug] [2026-07-27T03:26:25.097Z] Checked if tokens are valid: true, expires at: 1785124516750
[debug] [2026-07-27T03:26:25.097Z] Checked if tokens are valid: true, expires at: 1785124516750
[debug] [2026-07-27T03:26:25.097Z] >>> [apiv2][query] GET https://cloudfunctions.googleapis.com/v2/projects/lion-e7e25/locations/us-central1/operations/operation-1785122868450-6578f4e7455fa-83551bd4-a72b5905 [none]
[debug] [2026-07-27T03:26:25.170Z] [create-default-us-central1-processVideoTask] Retrying task index 0
[debug] [2026-07-27T03:26:25.171Z] Checked if tokens are valid: true, expires at: 1785124516750
[debug] [2026-07-27T03:26:25.171Z] Checked if tokens are valid: true, expires at: 1785124516750
[debug] [2026-07-27T03:26:25.171Z] >>> [apiv2][query] GET https://cloudfunctions.googleapis.com/v2/projects/lion-e7e25/locations/us-central1/operations/operation-1785122868531-6578f4e759285-f2f148be-673f0926 [none]
[debug] [2026-07-27T03:26:25.181Z] [create-default-us-central1-adminRejectTransaction] Retrying task index 0
[debug] [2026-07-27T03:26:25.181Z] Checked if tokens are valid: true, expires at: 1785124516750
[debug] [2026-07-27T03:26:25.181Z] Checked if tokens are valid: true, expires at: 1785124516750
[debug] [2026-07-27T03:26:25.181Z] >>> [apiv2][query] GET https://cloudfunctions.googleapis.com/v2/projects/lion-e7e25/locations/us-central1/operations/operation-1785122868547-6578f4e75d0ff-7436fc82-b7b96d39 [none]
[debug] [2026-07-27T03:26:25.221Z] [create-default-us-central1-adminUpdateUserProfile] Retrying task index 0
[debug] [2026-07-27T03:26:25.221Z] Checked if tokens are valid: true, expires at: 1785124516750
[debug] [2026-07-27T03:26:25.221Z] Checked if tokens are valid: true, expires at: 1785124516750
[debug] [2026-07-27T03:26:25.221Z] >>> [apiv2][query] GET https://cloudfunctions.googleapis.com/v2/projects/lion-e7e25/locations/us-central1/operations/operation-1785122868521-6578f4e756b8e-8cb50f62-eb9686ec [none]
[debug] [2026-07-27T03:26:25.262Z] [create-default-us-central1-checkPendingPassword] Retrying task index 0
[debug] [2026-07-27T03:26:25.263Z] Checked if tokens are valid: true, expires at: 1785124516750
[debug] [2026-07-27T03:26:25.263Z] Checked if tokens are valid: true, expires at: 1785124516750
[debug] [2026-07-27T03:26:25.263Z] >>> [apiv2][query] GET https://cloudfunctions.googleapis.com/v2/projects/lion-e7e25/locations/us-central1/operations/operation-1785122868530-6578f4e758d20-be04219c-15bb2080 [none]
[debug] [2026-07-27T03:26:25.351Z] <<< [apiv2][status] GET https://cloudfunctions.googleapis.com/v2/projects/lion-e7e25/locations/us-central1/operations/operation-1785122868530-6578f4e758bfc-8f07d875-3b8ad724 200
[debug] [2026-07-27T03:26:25.351Z] <<< [apiv2][body] GET https://cloudfunctions.googleapis.com/v2/projects/lion-e7e25/locations/us-central1/operations/operation-1785122868530-6578f4e758bfc-8f07d875-3b8ad724 {"name":"projects/lion-e7e25/locations/us-central1/operations/operation-1785122868530-6578f4e758bfc-8f07d875-3b8ad724","metadata":{"@type":"type.googleapis.com/google.cloud.functions.v2.OperationMetadata","createTime":"2026-07-27T03:27:48.993798616Z","target":"projects/lion-e7e25/locations/us-central1/functions/adminApproveTransaction","verb":"create","cancelRequested":false,"apiVersion":"v2","requestResource":{"@type":"type.googleapis.com/google.cloud.functions.v2.Function","name":"projects/lion-e7e25/locations/us-central1/functions/adminApproveTransaction","buildConfig":{"runtime":"nodejs24","entryPoint":"adminApproveTransaction","source":{"storageSource":{"bucket":"gcf-v2-sources-411435734882-us-central1","object":"adminApproveTransaction/function-source.zip","generation":"1785122868773071"}},"environmentVariables":{"GOOGLE_NODE_RUN_SCRIPTS":""},"serviceAccount":"projects/lion-e7e25/serviceAccounts/411435734882-compute@developer.gserviceaccount.com","automaticUpdatePolicy":{}},"serviceConfig":{"service":"projects/lion-e7e25/locations/us-central1/services/adminapprovetransaction","timeoutSeconds":60,"environmentVariables":{"FIREBASE_CONFIG":"{\"projectId\":\"lion-e7e25\",\"databaseURL\":\"https://lion-e7e25-default-rtdb.firebaseio.com\",\"storageBucket\":\"lion-e7e25.firebasestorage.app\"}","GCLOUD_PROJECT":"lion-e7e25","EVENTARC_CLOUD_EVENT_SOURCE":"projects/lion-e7e25/locations/us-central1/services/adminApproveTransaction","FUNCTION_TARGET":"adminApproveTransaction","LOG_EXECUTION_ID":"true"},"ingressSettings":"ALLOW_ALL","serviceAccountEmail":"411435734882-compute@developer.gserviceaccount.com","availableMemory":"256Mi","maxInstanceRequestConcurrency":80,"availableCpu":"1"},"labels":{"deployment-tool":"cli-firebase","deployment-callable":"true","firebase-functions-hash":"165a4ea733c830275c731091a192864a0491126e"},"environment":"GEN_2"},"stages":[{"name":"BUILD","message":"Build in progress","state":"IN_PROGRESS","resource":"projects/411435734882/locations/us-central1/builds/912a657a-f094-4937-b873-8f76336f4dd2","resourceUri":"https://console.cloud.google.com/cloud-build/builds;region=us-central1/912a657a-f094-4937-b873-8f76336f4dd2?project=411435734882"},{"name":"SERVICE","state":"NOT_STARTED"}],"operationType":"CREATE_FUNCTION","buildName":"projects/411435734882/locations/us-central1/builds/912a657a-f094-4937-b873-8f76336f4dd2"},"done":false}
[debug] [2026-07-27T03:26:25.784Z] <<< [apiv2][status] GET https://cloudfunctions.googleapis.com/v2/projects/lion-e7e25/locations/us-central1/operations/operation-1785122868450-6578f4e7455fa-83551bd4-a72b5905 200
[debug] [2026-07-27T03:26:25.784Z] <<< [apiv2][body] GET https://cloudfunctions.googleapis.com/v2/projects/lion-e7e25/locations/us-central1/operations/operation-1785122868450-6578f4e7455fa-83551bd4-a72b5905 {"name":"projects/lion-e7e25/locations/us-central1/operations/operation-1785122868450-6578f4e7455fa-83551bd4-a72b5905","metadata":{"@type":"type.googleapis.com/google.cloud.functions.v2.OperationMetadata","createTime":"2026-07-27T03:27:48.907744426Z","target":"projects/lion-e7e25/locations/us-central1/functions/submitDeposit","verb":"create","cancelRequested":false,"apiVersion":"v2","requestResource":{"@type":"type.googleapis.com/google.cloud.functions.v2.Function","name":"projects/lion-e7e25/locations/us-central1/functions/submitDeposit","buildConfig":{"runtime":"nodejs24","entryPoint":"submitDeposit","source":{"storageSource":{"bucket":"gcf-v2-sources-411435734882-us-central1","object":"submitDeposit/function-source.zip","generation":"1785122868687659"}},"environmentVariables":{"GOOGLE_NODE_RUN_SCRIPTS":""},"serviceAccount":"projects/lion-e7e25/serviceAccounts/411435734882-compute@developer.gserviceaccount.com","automaticUpdatePolicy":{}},"serviceConfig":{"service":"projects/lion-e7e25/locations/us-central1/services/submitdeposit","timeoutSeconds":60,"environmentVariables":{"FIREBASE_CONFIG":"{\"projectId\":\"lion-e7e25\",\"databaseURL\":\"https://lion-e7e25-default-rtdb.firebaseio.com\",\"storageBucket\":\"lion-e7e25.firebasestorage.app\"}","GCLOUD_PROJECT":"lion-e7e25","EVENTARC_CLOUD_EVENT_SOURCE":"projects/lion-e7e25/locations/us-central1/services/submitDeposit","FUNCTION_TARGET":"submitDeposit","LOG_EXECUTION_ID":"true"},"ingressSettings":"ALLOW_ALL","serviceAccountEmail":"411435734882-compute@developer.gserviceaccount.com","availableMemory":"256Mi","maxInstanceRequestConcurrency":80,"availableCpu":"1"},"labels":{"deployment-tool":"cli-firebase","deployment-callable":"true","firebase-functions-hash":"165a4ea733c830275c731091a192864a0491126e"},"environment":"GEN_2"},"stages":[{"name":"BUILD","message":"Build in progress","state":"IN_PROGRESS","resource":"projects/411435734882/locations/us-central1/builds/17a69e4f-cb6c-45d2-91dd-84e4a4d6c8fa","resourceUri":"https://console.cloud.google.com/cloud-build/builds;region=us-central1/17a69e4f-cb6c-45d2-91dd-84e4a4d6c8fa?project=411435734882"},{"name":"SERVICE","state":"NOT_STARTED"}],"operationType":"CREATE_FUNCTION","buildName":"projects/411435734882/locations/us-central1/builds/17a69e4f-cb6c-45d2-91dd-84e4a4d6c8fa"},"done":false}
[debug] [2026-07-27T03:26:25.866Z] <<< [apiv2][status] GET https://cloudfunctions.googleapis.com/v2/projects/lion-e7e25/locations/us-central1/operations/operation-1785122868547-6578f4e75d0ff-7436fc82-b7b96d39 200
[debug] [2026-07-27T03:26:25.866Z] <<< [apiv2][body] GET https://cloudfunctions.googleapis.com/v2/projects/lion-e7e25/locations/us-central1/operations/operation-1785122868547-6578f4e75d0ff-7436fc82-b7b96d39 {"name":"projects/lion-e7e25/locations/us-central1/operations/operation-1785122868547-6578f4e75d0ff-7436fc82-b7b96d39","metadata":{"@type":"type.googleapis.com/google.cloud.functions.v2.OperationMetadata","createTime":"2026-07-27T03:27:48.991844254Z","target":"projects/lion-e7e25/locations/us-central1/functions/adminRejectTransaction","verb":"create","cancelRequested":false,"apiVersion":"v2","requestResource":{"@type":"type.googleapis.com/google.cloud.functions.v2.Function","name":"projects/lion-e7e25/locations/us-central1/functions/adminRejectTransaction","buildConfig":{"runtime":"nodejs24","entryPoint":"adminRejectTransaction","source":{"storageSource":{"bucket":"gcf-v2-sources-411435734882-us-central1","object":"adminRejectTransaction/function-source.zip","generation":"1785122868783833"}},"environmentVariables":{"GOOGLE_NODE_RUN_SCRIPTS":""},"serviceAccount":"projects/lion-e7e25/serviceAccounts/411435734882-compute@developer.gserviceaccount.com","automaticUpdatePolicy":{}},"serviceConfig":{"service":"projects/lion-e7e25/locations/us-central1/services/adminrejecttransaction","timeoutSeconds":60,"environmentVariables":{"FIREBASE_CONFIG":"{\"projectId\":\"lion-e7e25\",\"databaseURL\":\"https://lion-e7e25-default-rtdb.firebaseio.com\",\"storageBucket\":\"lion-e7e25.firebasestorage.app\"}","GCLOUD_PROJECT":"lion-e7e25","EVENTARC_CLOUD_EVENT_SOURCE":"projects/lion-e7e25/locations/us-central1/services/adminRejectTransaction","FUNCTION_TARGET":"adminRejectTransaction","LOG_EXECUTION_ID":"true"},"ingressSettings":"ALLOW_ALL","serviceAccountEmail":"411435734882-compute@developer.gserviceaccount.com","availableMemory":"256Mi","maxInstanceRequestConcurrency":80,"availableCpu":"1"},"labels":{"deployment-tool":"cli-firebase","deployment-callable":"true","firebase-functions-hash":"165a4ea733c830275c731091a192864a0491126e"},"environment":"GEN_2"},"stages":[{"name":"BUILD","message":"Build in progress","state":"IN_PROGRESS","resource":"projects/411435734882/locations/us-central1/builds/18ce9598-ef6c-4102-97bc-ef3e3131187c","resourceUri":"https://console.cloud.google.com/cloud-build/builds;region=us-central1/18ce9598-ef6c-4102-97bc-ef3e3131187c?project=411435734882"},{"name":"SERVICE","state":"NOT_STARTED"}],"operationType":"CREATE_FUNCTION","buildName":"projects/411435734882/locations/us-central1/builds/18ce9598-ef6c-4102-97bc-ef3e3131187c"},"done":false}
[debug] [2026-07-27T03:26:25.882Z] <<< [apiv2][status] GET https://cloudfunctions.googleapis.com/v2/projects/lion-e7e25/locations/us-central1/operations/operation-1785122868531-6578f4e759285-f2f148be-673f0926 200
[debug] [2026-07-27T03:26:25.882Z] <<< [apiv2][body] GET https://cloudfunctions.googleapis.com/v2/projects/lion-e7e25/locations/us-central1/operations/operation-1785122868531-6578f4e759285-f2f148be-673f0926 {"name":"projects/lion-e7e25/locations/us-central1/operations/operation-1785122868531-6578f4e759285-f2f148be-673f0926","metadata":{"@type":"type.googleapis.com/google.cloud.functions.v2.OperationMetadata","createTime":"2026-07-27T03:27:48.987256620Z","target":"projects/lion-e7e25/locations/us-central1/functions/processVideoTask","verb":"create","cancelRequested":false,"apiVersion":"v2","requestResource":{"@type":"type.googleapis.com/google.cloud.functions.v2.Function","name":"projects/lion-e7e25/locations/us-central1/functions/processVideoTask","buildConfig":{"runtime":"nodejs24","entryPoint":"processVideoTask","source":{"storageSource":{"bucket":"gcf-v2-sources-411435734882-us-central1","object":"processVideoTask/function-source.zip","generation":"1785122868762309"}},"environmentVariables":{"GOOGLE_NODE_RUN_SCRIPTS":""},"serviceAccount":"projects/lion-e7e25/serviceAccounts/411435734882-compute@developer.gserviceaccount.com","automaticUpdatePolicy":{}},"serviceConfig":{"service":"projects/lion-e7e25/locations/us-central1/services/processvideotask","timeoutSeconds":60,"environmentVariables":{"FIREBASE_CONFIG":"{\"projectId\":\"lion-e7e25\",\"databaseURL\":\"https://lion-e7e25-default-rtdb.firebaseio.com\",\"storageBucket\":\"lion-e7e25.firebasestorage.app\"}","GCLOUD_PROJECT":"lion-e7e25","EVENTARC_CLOUD_EVENT_SOURCE":"projects/lion-e7e25/locations/us-central1/services/processVideoTask","FUNCTION_TARGET":"processVideoTask","LOG_EXECUTION_ID":"true"},"ingressSettings":"ALLOW_ALL","serviceAccountEmail":"411435734882-compute@developer.gserviceaccount.com","availableMemory":"256Mi","maxInstanceRequestConcurrency":80,"availableCpu":"1"},"labels":{"deployment-tool":"cli-firebase","deployment-callable":"true","firebase-functions-hash":"165a4ea733c830275c731091a192864a0491126e"},"environment":"GEN_2"},"stages":[{"name":"BUILD","message":"Build in progress","state":"IN_PROGRESS","resource":"projects/411435734882/locations/us-central1/builds/9f55a9fd-3ba8-48de-83b9-dc0a3de62ffe","resourceUri":"https://console.cloud.google.com/cloud-build/builds;region=us-central1/9f55a9fd-3ba8-48de-83b9-dc0a3de62ffe?project=411435734882"},{"name":"SERVICE","state":"NOT_STARTED"}],"operationType":"CREATE_FUNCTION","buildName":"projects/411435734882/locations/us-central1/builds/9f55a9fd-3ba8-48de-83b9-dc0a3de62ffe"},"done":false}
[debug] [2026-07-27T03:26:25.909Z] <<< [apiv2][status] GET https://cloudfunctions.googleapis.com/v2/projects/lion-e7e25/locations/us-central1/operations/operation-1785122868521-6578f4e756b8e-8cb50f62-eb9686ec 200
[debug] [2026-07-27T03:26:25.909Z] <<< [apiv2][body] GET https://cloudfunctions.googleapis.com/v2/projects/lion-e7e25/locations/us-central1/operations/operation-1785122868521-6578f4e756b8e-8cb50f62-eb9686ec {"name":"projects/lion-e7e25/locations/us-central1/operations/operation-1785122868521-6578f4e756b8e-8cb50f62-eb9686ec","metadata":{"@type":"type.googleapis.com/google.cloud.functions.v2.OperationMetadata","createTime":"2026-07-27T03:27:49.022354032Z","target":"projects/lion-e7e25/locations/us-central1/functions/adminUpdateUserProfile","verb":"create","cancelRequested":false,"apiVersion":"v2","requestResource":{"@type":"type.googleapis.com/google.cloud.functions.v2.Function","name":"projects/lion-e7e25/locations/us-central1/functions/adminUpdateUserProfile","buildConfig":{"runtime":"nodejs24","entryPoint":"adminUpdateUserProfile","source":{"storageSource":{"bucket":"gcf-v2-sources-411435734882-us-central1","object":"adminUpdateUserProfile/function-source.zip","generation":"1785122868785250"}},"environmentVariables":{"GOOGLE_NODE_RUN_SCRIPTS":""},"serviceAccount":"projects/lion-e7e25/serviceAccounts/411435734882-compute@developer.gserviceaccount.com","automaticUpdatePolicy":{}},"serviceConfig":{"service":"projects/lion-e7e25/locations/us-central1/services/adminupdateuserprofile","timeoutSeconds":60,"environmentVariables":{"FIREBASE_CONFIG":"{\"projectId\":\"lion-e7e25\",\"databaseURL\":\"https://lion-e7e25-default-rtdb.firebaseio.com\",\"storageBucket\":\"lion-e7e25.firebasestorage.app\"}","GCLOUD_PROJECT":"lion-e7e25","EVENTARC_CLOUD_EVENT_SOURCE":"projects/lion-e7e25/locations/us-central1/services/adminUpdateUserProfile","FUNCTION_TARGET":"adminUpdateUserProfile","LOG_EXECUTION_ID":"true"},"ingressSettings":"ALLOW_ALL","serviceAccountEmail":"411435734882-compute@developer.gserviceaccount.com","availableMemory":"256Mi","maxInstanceRequestConcurrency":80,"availableCpu":"1"},"labels":{"deployment-tool":"cli-firebase","deployment-callable":"true","firebase-functions-hash":"165a4ea733c830275c731091a192864a0491126e"},"environment":"GEN_2"},"stages":[{"name":"BUILD","message":"Build in progress","state":"IN_PROGRESS","resource":"projects/411435734882/locations/us-central1/builds/27ec3ff3-4a81-4732-a73d-a9fa3b5db5a6","resourceUri":"https://console.cloud.google.com/cloud-build/builds;region=us-central1/27ec3ff3-4a81-4732-a73d-a9fa3b5db5a6?project=411435734882"},{"name":"SERVICE","state":"NOT_STARTED"}],"operationType":"CREATE_FUNCTION","buildName":"projects/411435734882/locations/us-central1/builds/27ec3ff3-4a81-4732-a73d-a9fa3b5db5a6"},"done":false}
[debug] [2026-07-27T03:26:25.951Z] <<< [apiv2][status] GET https://cloudfunctions.googleapis.com/v2/projects/lion-e7e25/locations/us-central1/operations/operation-1785122868530-6578f4e758d20-be04219c-15bb2080 200
[debug] [2026-07-27T03:26:25.951Z] <<< [apiv2][body] GET https://cloudfunctions.googleapis.com/v2/projects/lion-e7e25/locations/us-central1/operations/operation-1785122868530-6578f4e758d20-be04219c-15bb2080 {"name":"projects/lion-e7e25/locations/us-central1/operations/operation-1785122868530-6578f4e758d20-be04219c-15bb2080","metadata":{"@type":"type.googleapis.com/google.cloud.functions.v2.OperationMetadata","createTime":"2026-07-27T03:27:49.049150567Z","target":"projects/lion-e7e25/locations/us-central1/functions/checkPendingPassword","verb":"create","cancelRequested":false,"apiVersion":"v2","requestResource":{"@type":"type.googleapis.com/google.cloud.functions.v2.Function","name":"projects/lion-e7e25/locations/us-central1/functions/checkPendingPassword","buildConfig":{"runtime":"nodejs24","entryPoint":"checkPendingPassword","source":{"storageSource":{"bucket":"gcf-v2-sources-411435734882-us-central1","object":"checkPendingPassword/function-source.zip","generation":"1785122868790167"}},"environmentVariables":{"GOOGLE_NODE_RUN_SCRIPTS":""},"serviceAccount":"projects/lion-e7e25/serviceAccounts/411435734882-compute@developer.gserviceaccount.com","automaticUpdatePolicy":{}},"serviceConfig":{"service":"projects/lion-e7e25/locations/us-central1/services/checkpendingpassword","timeoutSeconds":60,"environmentVariables":{"FIREBASE_CONFIG":"{\"projectId\":\"lion-e7e25\",\"databaseURL\":\"https://lion-e7e25-default-rtdb.firebaseio.com\",\"storageBucket\":\"lion-e7e25.firebasestorage.app\"}","GCLOUD_PROJECT":"lion-e7e25","EVENTARC_CLOUD_EVENT_SOURCE":"projects/lion-e7e25/locations/us-central1/services/checkPendingPassword","FUNCTION_TARGET":"checkPendingPassword","LOG_EXECUTION_ID":"true"},"ingressSettings":"ALLOW_ALL","serviceAccountEmail":"411435734882-compute@developer.gserviceaccount.com","availableMemory":"256Mi","maxInstanceRequestConcurrency":80,"availableCpu":"1"},"labels":{"deployment-tool":"cli-firebase","deployment-callable":"true","firebase-functions-hash":"165a4ea733c830275c731091a192864a0491126e"},"environment":"GEN_2"},"stages":[{"name":"BUILD","message":"Build in progress","state":"IN_PROGRESS","resource":"projects/411435734882/locations/us-central1/builds/931bb83b-6003-4656-82b2-9de600ef47ee","resourceUri":"https://console.cloud.google.com/cloud-build/builds;region=us-central1/931bb83b-6003-4656-82b2-9de600ef47ee?project=411435734882"},{"name":"SERVICE","state":"NOT_STARTED"}],"operationType":"CREATE_FUNCTION","buildName":"projects/411435734882/locations/us-central1/builds/931bb83b-6003-4656-82b2-9de600ef47ee"},"done":false}
[debug] [2026-07-27T03:26:27.352Z] [create-default-us-central1-adminApproveTransaction] Retrying task index 0
[debug] [2026-07-27T03:26:27.353Z] Checked if tokens are valid: true, expires at: 1785124516750
[debug] [2026-07-27T03:26:27.353Z] Checked if tokens are valid: true, expires at: 1785124516750
[debug] [2026-07-27T03:26:27.353Z] >>> [apiv2][query] GET https://cloudfunctions.googleapis.com/v2/projects/lion-e7e25/locations/us-central1/operations/operation-1785122868530-6578f4e758bfc-8f07d875-3b8ad724 [none]
[debug] [2026-07-27T03:26:27.784Z] [create-default-us-central1-submitDeposit] Retrying task index 0
[debug] [2026-07-27T03:26:27.785Z] Checked if tokens are valid: true, expires at: 1785124516750
[debug] [2026-07-27T03:26:27.785Z] Checked if tokens are valid: true, expires at: 1785124516750
[debug] [2026-07-27T03:26:27.785Z] >>> [apiv2][query] GET https://cloudfunctions.googleapis.com/v2/projects/lion-e7e25/locations/us-central1/operations/operation-1785122868450-6578f4e7455fa-83551bd4-a72b5905 [none]
[debug] [2026-07-27T03:26:27.867Z] [create-default-us-central1-adminRejectTransaction] Retrying task index 0
[debug] [2026-07-27T03:26:27.868Z] Checked if tokens are valid: true, expires at: 1785124516750
[debug] [2026-07-27T03:26:27.868Z] Checked if tokens are valid: true, expires at: 1785124516750
[debug] [2026-07-27T03:26:27.868Z] >>> [apiv2][query] GET https://cloudfunctions.googleapis.com/v2/projects/lion-e7e25/locations/us-central1/operations/operation-1785122868547-6578f4e75d0ff-7436fc82-b7b96d39 [none]
[debug] [2026-07-27T03:26:27.882Z] [create-default-us-central1-processVideoTask] Retrying task index 0
[debug] [2026-07-27T03:26:27.883Z] Checked if tokens are valid: true, expires at: 1785124516750
[debug] [2026-07-27T03:26:27.883Z] Checked if tokens are valid: true, expires at: 1785124516750
[debug] [2026-07-27T03:26:27.883Z] >>> [apiv2][query] GET https://cloudfunctions.googleapis.com/v2/projects/lion-e7e25/locations/us-central1/operations/operation-1785122868531-6578f4e759285-f2f148be-673f0926 [none]
[debug] [2026-07-27T03:26:27.910Z] [create-default-us-central1-adminUpdateUserProfile] Retrying task index 0
[debug] [2026-07-27T03:26:27.910Z] Checked if tokens are valid: true, expires at: 1785124516750
[debug] [2026-07-27T03:26:27.911Z] Checked if tokens are valid: true, expires at: 1785124516750
[debug] [2026-07-27T03:26:27.911Z] >>> [apiv2][query] GET https://cloudfunctions.googleapis.com/v2/projects/lion-e7e25/locations/us-central1/operations/operation-1785122868521-6578f4e756b8e-8cb50f62-eb9686ec [none]
[debug] [2026-07-27T03:26:27.952Z] [create-default-us-central1-checkPendingPassword] Retrying task index 0
[debug] [2026-07-27T03:26:27.953Z] Checked if tokens are valid: true, expires at: 1785124516750
[debug] [2026-07-27T03:26:27.953Z] Checked if tokens are valid: true, expires at: 1785124516750
[debug] [2026-07-27T03:26:27.953Z] >>> [apiv2][query] GET https://cloudfunctions.googleapis.com/v2/projects/lion-e7e25/locations/us-central1/operations/operation-1785122868530-6578f4e758d20-be04219c-15bb2080 [none]
[debug] [2026-07-27T03:26:28.034Z] <<< [apiv2][status] GET https://cloudfunctions.googleapis.com/v2/projects/lion-e7e25/locations/us-central1/operations/operation-1785122868530-6578f4e758bfc-8f07d875-3b8ad724 200
[debug] [2026-07-27T03:26:28.034Z] <<< [apiv2][body] GET https://cloudfunctions.googleapis.com/v2/projects/lion-e7e25/locations/us-central1/operations/operation-1785122868530-6578f4e758bfc-8f07d875-3b8ad724 {"name":"projects/lion-e7e25/locations/us-central1/operations/operation-1785122868530-6578f4e758bfc-8f07d875-3b8ad724","metadata":{"@type":"type.googleapis.com/google.cloud.functions.v2.OperationMetadata","createTime":"2026-07-27T03:27:48.993798616Z","target":"projects/lion-e7e25/locations/us-central1/functions/adminApproveTransaction","verb":"create","cancelRequested":false,"apiVersion":"v2","requestResource":{"@type":"type.googleapis.com/google.cloud.functions.v2.Function","name":"projects/lion-e7e25/locations/us-central1/functions/adminApproveTransaction","buildConfig":{"runtime":"nodejs24","entryPoint":"adminApproveTransaction","source":{"storageSource":{"bucket":"gcf-v2-sources-411435734882-us-central1","object":"adminApproveTransaction/function-source.zip","generation":"1785122868773071"}},"environmentVariables":{"GOOGLE_NODE_RUN_SCRIPTS":""},"serviceAccount":"projects/lion-e7e25/serviceAccounts/411435734882-compute@developer.gserviceaccount.com","automaticUpdatePolicy":{}},"serviceConfig":{"service":"projects/lion-e7e25/locations/us-central1/services/adminapprovetransaction","timeoutSeconds":60,"environmentVariables":{"FIREBASE_CONFIG":"{\"projectId\":\"lion-e7e25\",\"databaseURL\":\"https://lion-e7e25-default-rtdb.firebaseio.com\",\"storageBucket\":\"lion-e7e25.firebasestorage.app\"}","GCLOUD_PROJECT":"lion-e7e25","EVENTARC_CLOUD_EVENT_SOURCE":"projects/lion-e7e25/locations/us-central1/services/adminApproveTransaction","FUNCTION_TARGET":"adminApproveTransaction","LOG_EXECUTION_ID":"true"},"ingressSettings":"ALLOW_ALL","serviceAccountEmail":"411435734882-compute@developer.gserviceaccount.com","availableMemory":"256Mi","maxInstanceRequestConcurrency":80,"availableCpu":"1"},"labels":{"deployment-tool":"cli-firebase","deployment-callable":"true","firebase-functions-hash":"165a4ea733c830275c731091a192864a0491126e"},"environment":"GEN_2"},"stages":[{"name":"BUILD","message":"Build in progress","state":"IN_PROGRESS","resource":"projects/411435734882/locations/us-central1/builds/912a657a-f094-4937-b873-8f76336f4dd2","resourceUri":"https://console.cloud.google.com/cloud-build/builds;region=us-central1/912a657a-f094-4937-b873-8f76336f4dd2?project=411435734882"},{"name":"SERVICE","state":"NOT_STARTED"}],"operationType":"CREATE_FUNCTION","buildName":"projects/411435734882/locations/us-central1/builds/912a657a-f094-4937-b873-8f76336f4dd2"},"done":false}
[debug] [2026-07-27T03:26:28.081Z] <<< [apiv2][status] GET https://cloudfunctions.googleapis.com/v2/projects/lion-e7e25/locations/us-central1/operations/operation-1785122868521-6578f4e756b8e-8cb50f62-eb9686ec 200
[debug] [2026-07-27T03:26:28.081Z] <<< [apiv2][body] GET https://cloudfunctions.googleapis.com/v2/projects/lion-e7e25/locations/us-central1/operations/operation-1785122868521-6578f4e756b8e-8cb50f62-eb9686ec {"name":"projects/lion-e7e25/locations/us-central1/operations/operation-1785122868521-6578f4e756b8e-8cb50f62-eb9686ec","metadata":{"@type":"type.googleapis.com/google.cloud.functions.v2.OperationMetadata","createTime":"2026-07-27T03:27:49.022354032Z","target":"projects/lion-e7e25/locations/us-central1/functions/adminUpdateUserProfile","verb":"create","cancelRequested":false,"apiVersion":"v2","requestResource":{"@type":"type.googleapis.com/google.cloud.functions.v2.Function","name":"projects/lion-e7e25/locations/us-central1/functions/adminUpdateUserProfile","buildConfig":{"runtime":"nodejs24","entryPoint":"adminUpdateUserProfile","source":{"storageSource":{"bucket":"gcf-v2-sources-411435734882-us-central1","object":"adminUpdateUserProfile/function-source.zip","generation":"1785122868785250"}},"environmentVariables":{"GOOGLE_NODE_RUN_SCRIPTS":""},"serviceAccount":"projects/lion-e7e25/serviceAccounts/411435734882-compute@developer.gserviceaccount.com","automaticUpdatePolicy":{}},"serviceConfig":{"service":"projects/lion-e7e25/locations/us-central1/services/adminupdateuserprofile","timeoutSeconds":60,"environmentVariables":{"FIREBASE_CONFIG":"{\"projectId\":\"lion-e7e25\",\"databaseURL\":\"https://lion-e7e25-default-rtdb.firebaseio.com\",\"storageBucket\":\"lion-e7e25.firebasestorage.app\"}","GCLOUD_PROJECT":"lion-e7e25","EVENTARC_CLOUD_EVENT_SOURCE":"projects/lion-e7e25/locations/us-central1/services/adminUpdateUserProfile","FUNCTION_TARGET":"adminUpdateUserProfile","LOG_EXECUTION_ID":"true"},"ingressSettings":"ALLOW_ALL","serviceAccountEmail":"411435734882-compute@developer.gserviceaccount.com","availableMemory":"256Mi","maxInstanceRequestConcurrency":80,"availableCpu":"1"},"labels":{"deployment-tool":"cli-firebase","deployment-callable":"true","firebase-functions-hash":"165a4ea733c830275c731091a192864a0491126e"},"environment":"GEN_2"},"stages":[{"name":"BUILD","message":"Build in progress","state":"IN_PROGRESS","resource":"projects/411435734882/locations/us-central1/builds/27ec3ff3-4a81-4732-a73d-a9fa3b5db5a6","resourceUri":"https://console.cloud.google.com/cloud-build/builds;region=us-central1/27ec3ff3-4a81-4732-a73d-a9fa3b5db5a6?project=411435734882"},{"name":"SERVICE","state":"NOT_STARTED"}],"operationType":"CREATE_FUNCTION","buildName":"projects/411435734882/locations/us-central1/builds/27ec3ff3-4a81-4732-a73d-a9fa3b5db5a6"},"done":false}
[debug] [2026-07-27T03:26:28.462Z] <<< [apiv2][status] GET https://cloudfunctions.googleapis.com/v2/projects/lion-e7e25/locations/us-central1/operations/operation-1785122868450-6578f4e7455fa-83551bd4-a72b5905 200
[debug] [2026-07-27T03:26:28.462Z] <<< [apiv2][body] GET https://cloudfunctions.googleapis.com/v2/projects/lion-e7e25/locations/us-central1/operations/operation-1785122868450-6578f4e7455fa-83551bd4-a72b5905 {"name":"projects/lion-e7e25/locations/us-central1/operations/operation-1785122868450-6578f4e7455fa-83551bd4-a72b5905","metadata":{"@type":"type.googleapis.com/google.cloud.functions.v2.OperationMetadata","createTime":"2026-07-27T03:27:48.907744426Z","target":"projects/lion-e7e25/locations/us-central1/functions/submitDeposit","verb":"create","cancelRequested":false,"apiVersion":"v2","requestResource":{"@type":"type.googleapis.com/google.cloud.functions.v2.Function","name":"projects/lion-e7e25/locations/us-central1/functions/submitDeposit","buildConfig":{"runtime":"nodejs24","entryPoint":"submitDeposit","source":{"storageSource":{"bucket":"gcf-v2-sources-411435734882-us-central1","object":"submitDeposit/function-source.zip","generation":"1785122868687659"}},"environmentVariables":{"GOOGLE_NODE_RUN_SCRIPTS":""},"serviceAccount":"projects/lion-e7e25/serviceAccounts/411435734882-compute@developer.gserviceaccount.com","automaticUpdatePolicy":{}},"serviceConfig":{"service":"projects/lion-e7e25/locations/us-central1/services/submitdeposit","timeoutSeconds":60,"environmentVariables":{"FIREBASE_CONFIG":"{\"projectId\":\"lion-e7e25\",\"databaseURL\":\"https://lion-e7e25-default-rtdb.firebaseio.com\",\"storageBucket\":\"lion-e7e25.firebasestorage.app\"}","GCLOUD_PROJECT":"lion-e7e25","EVENTARC_CLOUD_EVENT_SOURCE":"projects/lion-e7e25/locations/us-central1/services/submitDeposit","FUNCTION_TARGET":"submitDeposit","LOG_EXECUTION_ID":"true"},"ingressSettings":"ALLOW_ALL","serviceAccountEmail":"411435734882-compute@developer.gserviceaccount.com","availableMemory":"256Mi","maxInstanceRequestConcurrency":80,"availableCpu":"1"},"labels":{"deployment-tool":"cli-firebase","deployment-callable":"true","firebase-functions-hash":"165a4ea733c830275c731091a192864a0491126e"},"environment":"GEN_2"},"stages":[{"name":"BUILD","message":"Build in progress","state":"IN_PROGRESS","resource":"projects/411435734882/locations/us-central1/builds/17a69e4f-cb6c-45d2-91dd-84e4a4d6c8fa","resourceUri":"https://console.cloud.google.com/cloud-build/builds;region=us-central1/17a69e4f-cb6c-45d2-91dd-84e4a4d6c8fa?project=411435734882"},{"name":"SERVICE","state":"NOT_STARTED"}],"operationType":"CREATE_FUNCTION","buildName":"projects/411435734882/locations/us-central1/builds/17a69e4f-cb6c-45d2-91dd-84e4a4d6c8fa"},"done":false}
[debug] [2026-07-27T03:26:28.551Z] <<< [apiv2][status] GET https://cloudfunctions.googleapis.com/v2/projects/lion-e7e25/locations/us-central1/operations/operation-1785122868547-6578f4e75d0ff-7436fc82-b7b96d39 200
[debug] [2026-07-27T03:26:28.551Z] <<< [apiv2][body] GET https://cloudfunctions.googleapis.com/v2/projects/lion-e7e25/locations/us-central1/operations/operation-1785122868547-6578f4e75d0ff-7436fc82-b7b96d39 {"name":"projects/lion-e7e25/locations/us-central1/operations/operation-1785122868547-6578f4e75d0ff-7436fc82-b7b96d39","metadata":{"@type":"type.googleapis.com/google.cloud.functions.v2.OperationMetadata","createTime":"2026-07-27T03:27:48.991844254Z","target":"projects/lion-e7e25/locations/us-central1/functions/adminRejectTransaction","verb":"create","cancelRequested":false,"apiVersion":"v2","requestResource":{"@type":"type.googleapis.com/google.cloud.functions.v2.Function","name":"projects/lion-e7e25/locations/us-central1/functions/adminRejectTransaction","buildConfig":{"runtime":"nodejs24","entryPoint":"adminRejectTransaction","source":{"storageSource":{"bucket":"gcf-v2-sources-411435734882-us-central1","object":"adminRejectTransaction/function-source.zip","generation":"1785122868783833"}},"environmentVariables":{"GOOGLE_NODE_RUN_SCRIPTS":""},"serviceAccount":"projects/lion-e7e25/serviceAccounts/411435734882-compute@developer.gserviceaccount.com","automaticUpdatePolicy":{}},"serviceConfig":{"service":"projects/lion-e7e25/locations/us-central1/services/adminrejecttransaction","timeoutSeconds":60,"environmentVariables":{"FIREBASE_CONFIG":"{\"projectId\":\"lion-e7e25\",\"databaseURL\":\"https://lion-e7e25-default-rtdb.firebaseio.com\",\"storageBucket\":\"lion-e7e25.firebasestorage.app\"}","GCLOUD_PROJECT":"lion-e7e25","EVENTARC_CLOUD_EVENT_SOURCE":"projects/lion-e7e25/locations/us-central1/services/adminRejectTransaction","FUNCTION_TARGET":"adminRejectTransaction","LOG_EXECUTION_ID":"true"},"ingressSettings":"ALLOW_ALL","serviceAccountEmail":"411435734882-compute@developer.gserviceaccount.com","availableMemory":"256Mi","maxInstanceRequestConcurrency":80,"availableCpu":"1"},"labels":{"deployment-tool":"cli-firebase","deployment-callable":"true","firebase-functions-hash":"165a4ea733c830275c731091a192864a0491126e"},"environment":"GEN_2"},"stages":[{"name":"BUILD","message":"Build in progress","state":"IN_PROGRESS","resource":"projects/411435734882/locations/us-central1/builds/18ce9598-ef6c-4102-97bc-ef3e3131187c","resourceUri":"https://console.cloud.google.com/cloud-build/builds;region=us-central1/18ce9598-ef6c-4102-97bc-ef3e3131187c?project=411435734882"},{"name":"SERVICE","state":"NOT_STARTED"}],"operationType":"CREATE_FUNCTION","buildName":"projects/411435734882/locations/us-central1/builds/18ce9598-ef6c-4102-97bc-ef3e3131187c"},"done":false}
[debug] [2026-07-27T03:26:28.566Z] <<< [apiv2][status] GET https://cloudfunctions.googleapis.com/v2/projects/lion-e7e25/locations/us-central1/operations/operation-1785122868531-6578f4e759285-f2f148be-673f0926 200
[debug] [2026-07-27T03:26:28.566Z] <<< [apiv2][body] GET https://cloudfunctions.googleapis.com/v2/projects/lion-e7e25/locations/us-central1/operations/operation-1785122868531-6578f4e759285-f2f148be-673f0926 {"name":"projects/lion-e7e25/locations/us-central1/operations/operation-1785122868531-6578f4e759285-f2f148be-673f0926","metadata":{"@type":"type.googleapis.com/google.cloud.functions.v2.OperationMetadata","createTime":"2026-07-27T03:27:48.987256620Z","target":"projects/lion-e7e25/locations/us-central1/functions/processVideoTask","verb":"create","cancelRequested":false,"apiVersion":"v2","requestResource":{"@type":"type.googleapis.com/google.cloud.functions.v2.Function","name":"projects/lion-e7e25/locations/us-central1/functions/processVideoTask","buildConfig":{"runtime":"nodejs24","entryPoint":"processVideoTask","source":{"storageSource":{"bucket":"gcf-v2-sources-411435734882-us-central1","object":"processVideoTask/function-source.zip","generation":"1785122868762309"}},"environmentVariables":{"GOOGLE_NODE_RUN_SCRIPTS":""},"serviceAccount":"projects/lion-e7e25/serviceAccounts/411435734882-compute@developer.gserviceaccount.com","automaticUpdatePolicy":{}},"serviceConfig":{"service":"projects/lion-e7e25/locations/us-central1/services/processvideotask","timeoutSeconds":60,"environmentVariables":{"FIREBASE_CONFIG":"{\"projectId\":\"lion-e7e25\",\"databaseURL\":\"https://lion-e7e25-default-rtdb.firebaseio.com\",\"storageBucket\":\"lion-e7e25.firebasestorage.app\"}","GCLOUD_PROJECT":"lion-e7e25","EVENTARC_CLOUD_EVENT_SOURCE":"projects/lion-e7e25/locations/us-central1/services/processVideoTask","FUNCTION_TARGET":"processVideoTask","LOG_EXECUTION_ID":"true"},"ingressSettings":"ALLOW_ALL","serviceAccountEmail":"411435734882-compute@developer.gserviceaccount.com","availableMemory":"256Mi","maxInstanceRequestConcurrency":80,"availableCpu":"1"},"labels":{"deployment-tool":"cli-firebase","deployment-callable":"true","firebase-functions-hash":"165a4ea733c830275c731091a192864a0491126e"},"environment":"GEN_2"},"stages":[{"name":"BUILD","message":"Build in progress","state":"IN_PROGRESS","resource":"projects/411435734882/locations/us-central1/builds/9f55a9fd-3ba8-48de-83b9-dc0a3de62ffe","resourceUri":"https://console.cloud.google.com/cloud-build/builds;region=us-central1/9f55a9fd-3ba8-48de-83b9-dc0a3de62ffe?project=411435734882"},{"name":"SERVICE","state":"NOT_STARTED"}],"operationType":"CREATE_FUNCTION","buildName":"projects/411435734882/locations/us-central1/builds/9f55a9fd-3ba8-48de-83b9-dc0a3de62ffe"},"done":false}
[debug] [2026-07-27T03:26:28.644Z] <<< [apiv2][status] GET https://cloudfunctions.googleapis.com/v2/projects/lion-e7e25/locations/us-central1/operations/operation-1785122868530-6578f4e758d20-be04219c-15bb2080 200
[debug] [2026-07-27T03:26:28.644Z] <<< [apiv2][body] GET https://cloudfunctions.googleapis.com/v2/projects/lion-e7e25/locations/us-central1/operations/operation-1785122868530-6578f4e758d20-be04219c-15bb2080 {"name":"projects/lion-e7e25/locations/us-central1/operations/operation-1785122868530-6578f4e758d20-be04219c-15bb2080","metadata":{"@type":"type.googleapis.com/google.cloud.functions.v2.OperationMetadata","createTime":"2026-07-27T03:27:49.049150567Z","target":"projects/lion-e7e25/locations/us-central1/functions/checkPendingPassword","verb":"create","cancelRequested":false,"apiVersion":"v2","requestResource":{"@type":"type.googleapis.com/google.cloud.functions.v2.Function","name":"projects/lion-e7e25/locations/us-central1/functions/checkPendingPassword","buildConfig":{"runtime":"nodejs24","entryPoint":"checkPendingPassword","source":{"storageSource":{"bucket":"gcf-v2-sources-411435734882-us-central1","object":"checkPendingPassword/function-source.zip","generation":"1785122868790167"}},"environmentVariables":{"GOOGLE_NODE_RUN_SCRIPTS":""},"serviceAccount":"projects/lion-e7e25/serviceAccounts/411435734882-compute@developer.gserviceaccount.com","automaticUpdatePolicy":{}},"serviceConfig":{"service":"projects/lion-e7e25/locations/us-central1/services/checkpendingpassword","timeoutSeconds":60,"environmentVariables":{"FIREBASE_CONFIG":"{\"projectId\":\"lion-e7e25\",\"databaseURL\":\"https://lion-e7e25-default-rtdb.firebaseio.com\",\"storageBucket\":\"lion-e7e25.firebasestorage.app\"}","GCLOUD_PROJECT":"lion-e7e25","EVENTARC_CLOUD_EVENT_SOURCE":"projects/lion-e7e25/locations/us-central1/services/checkPendingPassword","FUNCTION_TARGET":"checkPendingPassword","LOG_EXECUTION_ID":"true"},"ingressSettings":"ALLOW_ALL","serviceAccountEmail":"411435734882-compute@developer.gserviceaccount.com","availableMemory":"256Mi","maxInstanceRequestConcurrency":80,"availableCpu":"1"},"labels":{"deployment-tool":"cli-firebase","deployment-callable":"true","firebase-functions-hash":"165a4ea733c830275c731091a192864a0491126e"},"environment":"GEN_2"},"stages":[{"name":"BUILD","message":"Build in progress","state":"IN_PROGRESS","resource":"projects/411435734882/locations/us-central1/builds/931bb83b-6003-4656-82b2-9de600ef47ee","resourceUri":"https://console.cloud.google.com/cloud-build/builds;region=us-central1/931bb83b-6003-4656-82b2-9de600ef47ee?project=411435734882"},{"name":"SERVICE","state":"NOT_STARTED"}],"operationType":"CREATE_FUNCTION","buildName":"projects/411435734882/locations/us-central1/builds/931bb83b-6003-4656-82b2-9de600ef47ee"},"done":false}
[debug] [2026-07-27T03:26:32.035Z] [create-default-us-central1-adminApproveTransaction] Retrying task index 0
[debug] [2026-07-27T03:26:32.035Z] Checked if tokens are valid: true, expires at: 1785124516750
[debug] [2026-07-27T03:26:32.035Z] Checked if tokens are valid: true, expires at: 1785124516750
[debug] [2026-07-27T03:26:32.035Z] >>> [apiv2][query] GET https://cloudfunctions.googleapis.com/v2/projects/lion-e7e25/locations/us-central1/operations/operation-1785122868530-6578f4e758bfc-8f07d875-3b8ad724 [none]
[debug] [2026-07-27T03:26:32.083Z] [create-default-us-central1-adminUpdateUserProfile] Retrying task index 0
[debug] [2026-07-27T03:26:32.083Z] Checked if tokens are valid: true, expires at: 1785124516750
[debug] [2026-07-27T03:26:32.083Z] Checked if tokens are valid: true, expires at: 1785124516750
[debug] [2026-07-27T03:26:32.083Z] >>> [apiv2][query] GET https://cloudfunctions.googleapis.com/v2/projects/lion-e7e25/locations/us-central1/operations/operation-1785122868521-6578f4e756b8e-8cb50f62-eb9686ec [none]
[debug] [2026-07-27T03:26:32.463Z] [create-default-us-central1-submitDeposit] Retrying task index 0
[debug] [2026-07-27T03:26:32.463Z] Checked if tokens are valid: true, expires at: 1785124516750
[debug] [2026-07-27T03:26:32.463Z] Checked if tokens are valid: true, expires at: 1785124516750
[debug] [2026-07-27T03:26:32.463Z] >>> [apiv2][query] GET https://cloudfunctions.googleapis.com/v2/projects/lion-e7e25/locations/us-central1/operations/operation-1785122868450-6578f4e7455fa-83551bd4-a72b5905 [none]
[debug] [2026-07-27T03:26:32.551Z] [create-default-us-central1-adminRejectTransaction] Retrying task index 0
[debug] [2026-07-27T03:26:32.551Z] Checked if tokens are valid: true, expires at: 1785124516750
[debug] [2026-07-27T03:26:32.551Z] Checked if tokens are valid: true, expires at: 1785124516750
[debug] [2026-07-27T03:26:32.552Z] >>> [apiv2][query] GET https://cloudfunctions.googleapis.com/v2/projects/lion-e7e25/locations/us-central1/operations/operation-1785122868547-6578f4e75d0ff-7436fc82-b7b96d39 [none]
[debug] [2026-07-27T03:26:32.567Z] [create-default-us-central1-processVideoTask] Retrying task index 0
[debug] [2026-07-27T03:26:32.567Z] Checked if tokens are valid: true, expires at: 1785124516750
[debug] [2026-07-27T03:26:32.567Z] Checked if tokens are valid: true, expires at: 1785124516750
[debug] [2026-07-27T03:26:32.567Z] >>> [apiv2][query] GET https://cloudfunctions.googleapis.com/v2/projects/lion-e7e25/locations/us-central1/operations/operation-1785122868531-6578f4e759285-f2f148be-673f0926 [none]
[debug] [2026-07-27T03:26:32.646Z] [create-default-us-central1-checkPendingPassword] Retrying task index 0
[debug] [2026-07-27T03:26:32.646Z] Checked if tokens are valid: true, expires at: 1785124516750
[debug] [2026-07-27T03:26:32.646Z] Checked if tokens are valid: true, expires at: 1785124516750
[debug] [2026-07-27T03:26:32.646Z] >>> [apiv2][query] GET https://cloudfunctions.googleapis.com/v2/projects/lion-e7e25/locations/us-central1/operations/operation-1785122868530-6578f4e758d20-be04219c-15bb2080 [none]
[debug] [2026-07-27T03:26:32.730Z] <<< [apiv2][status] GET https://cloudfunctions.googleapis.com/v2/projects/lion-e7e25/locations/us-central1/operations/operation-1785122868547-6578f4e75d0ff-7436fc82-b7b96d39 200
[debug] [2026-07-27T03:26:32.730Z] <<< [apiv2][body] GET https://cloudfunctions.googleapis.com/v2/projects/lion-e7e25/locations/us-central1/operations/operation-1785122868547-6578f4e75d0ff-7436fc82-b7b96d39 {"name":"projects/lion-e7e25/locations/us-central1/operations/operation-1785122868547-6578f4e75d0ff-7436fc82-b7b96d39","metadata":{"@type":"type.googleapis.com/google.cloud.functions.v2.OperationMetadata","createTime":"2026-07-27T03:27:48.991844254Z","target":"projects/lion-e7e25/locations/us-central1/functions/adminRejectTransaction","verb":"create","cancelRequested":false,"apiVersion":"v2","requestResource":{"@type":"type.googleapis.com/google.cloud.functions.v2.Function","name":"projects/lion-e7e25/locations/us-central1/functions/adminRejectTransaction","buildConfig":{"runtime":"nodejs24","entryPoint":"adminRejectTransaction","source":{"storageSource":{"bucket":"gcf-v2-sources-411435734882-us-central1","object":"adminRejectTransaction/function-source.zip","generation":"1785122868783833"}},"environmentVariables":{"GOOGLE_NODE_RUN_SCRIPTS":""},"serviceAccount":"projects/lion-e7e25/serviceAccounts/411435734882-compute@developer.gserviceaccount.com","automaticUpdatePolicy":{}},"serviceConfig":{"service":"projects/lion-e7e25/locations/us-central1/services/adminrejecttransaction","timeoutSeconds":60,"environmentVariables":{"FIREBASE_CONFIG":"{\"projectId\":\"lion-e7e25\",\"databaseURL\":\"https://lion-e7e25-default-rtdb.firebaseio.com\",\"storageBucket\":\"lion-e7e25.firebasestorage.app\"}","GCLOUD_PROJECT":"lion-e7e25","EVENTARC_CLOUD_EVENT_SOURCE":"projects/lion-e7e25/locations/us-central1/services/adminRejectTransaction","FUNCTION_TARGET":"adminRejectTransaction","LOG_EXECUTION_ID":"true"},"ingressSettings":"ALLOW_ALL","serviceAccountEmail":"411435734882-compute@developer.gserviceaccount.com","availableMemory":"256Mi","maxInstanceRequestConcurrency":80,"availableCpu":"1"},"labels":{"deployment-tool":"cli-firebase","deployment-callable":"true","firebase-functions-hash":"165a4ea733c830275c731091a192864a0491126e"},"environment":"GEN_2"},"stages":[{"name":"BUILD","message":"Build in progress","state":"IN_PROGRESS","resource":"projects/411435734882/locations/us-central1/builds/18ce9598-ef6c-4102-97bc-ef3e3131187c","resourceUri":"https://console.cloud.google.com/cloud-build/builds;region=us-central1/18ce9598-ef6c-4102-97bc-ef3e3131187c?project=411435734882"},{"name":"SERVICE","state":"NOT_STARTED"}],"operationType":"CREATE_FUNCTION","buildName":"projects/411435734882/locations/us-central1/builds/18ce9598-ef6c-4102-97bc-ef3e3131187c"},"done":false}
[debug] [2026-07-27T03:26:32.774Z] <<< [apiv2][status] GET https://cloudfunctions.googleapis.com/v2/projects/lion-e7e25/locations/us-central1/operations/operation-1785122868521-6578f4e756b8e-8cb50f62-eb9686ec 200
[debug] [2026-07-27T03:26:32.774Z] <<< [apiv2][body] GET https://cloudfunctions.googleapis.com/v2/projects/lion-e7e25/locations/us-central1/operations/operation-1785122868521-6578f4e756b8e-8cb50f62-eb9686ec {"name":"projects/lion-e7e25/locations/us-central1/operations/operation-1785122868521-6578f4e756b8e-8cb50f62-eb9686ec","metadata":{"@type":"type.googleapis.com/google.cloud.functions.v2.OperationMetadata","createTime":"2026-07-27T03:27:49.022354032Z","target":"projects/lion-e7e25/locations/us-central1/functions/adminUpdateUserProfile","verb":"create","cancelRequested":false,"apiVersion":"v2","requestResource":{"@type":"type.googleapis.com/google.cloud.functions.v2.Function","name":"projects/lion-e7e25/locations/us-central1/functions/adminUpdateUserProfile","buildConfig":{"runtime":"nodejs24","entryPoint":"adminUpdateUserProfile","source":{"storageSource":{"bucket":"gcf-v2-sources-411435734882-us-central1","object":"adminUpdateUserProfile/function-source.zip","generation":"1785122868785250"}},"environmentVariables":{"GOOGLE_NODE_RUN_SCRIPTS":""},"serviceAccount":"projects/lion-e7e25/serviceAccounts/411435734882-compute@developer.gserviceaccount.com","automaticUpdatePolicy":{}},"serviceConfig":{"service":"projects/lion-e7e25/locations/us-central1/services/adminupdateuserprofile","timeoutSeconds":60,"environmentVariables":{"FIREBASE_CONFIG":"{\"projectId\":\"lion-e7e25\",\"databaseURL\":\"https://lion-e7e25-default-rtdb.firebaseio.com\",\"storageBucket\":\"lion-e7e25.firebasestorage.app\"}","GCLOUD_PROJECT":"lion-e7e25","EVENTARC_CLOUD_EVENT_SOURCE":"projects/lion-e7e25/locations/us-central1/services/adminUpdateUserProfile","FUNCTION_TARGET":"adminUpdateUserProfile","LOG_EXECUTION_ID":"true"},"ingressSettings":"ALLOW_ALL","serviceAccountEmail":"411435734882-compute@developer.gserviceaccount.com","availableMemory":"256Mi","maxInstanceRequestConcurrency":80,"availableCpu":"1"},"labels":{"deployment-tool":"cli-firebase","deployment-callable":"true","firebase-functions-hash":"165a4ea733c830275c731091a192864a0491126e"},"environment":"GEN_2"},"stages":[{"name":"BUILD","message":"Build in progress","state":"IN_PROGRESS","resource":"projects/411435734882/locations/us-central1/builds/27ec3ff3-4a81-4732-a73d-a9fa3b5db5a6","resourceUri":"https://console.cloud.google.com/cloud-build/builds;region=us-central1/27ec3ff3-4a81-4732-a73d-a9fa3b5db5a6?project=411435734882"},{"name":"SERVICE","state":"NOT_STARTED"}],"operationType":"CREATE_FUNCTION","buildName":"projects/411435734882/locations/us-central1/builds/27ec3ff3-4a81-4732-a73d-a9fa3b5db5a6"},"done":false}
[debug] [2026-07-27T03:26:32.800Z] <<< [apiv2][status] GET https://cloudfunctions.googleapis.com/v2/projects/lion-e7e25/locations/us-central1/operations/operation-1785122868530-6578f4e758bfc-8f07d875-3b8ad724 200
[debug] [2026-07-27T03:26:32.800Z] <<< [apiv2][body] GET https://cloudfunctions.googleapis.com/v2/projects/lion-e7e25/locations/us-central1/operations/operation-1785122868530-6578f4e758bfc-8f07d875-3b8ad724 {"name":"projects/lion-e7e25/locations/us-central1/operations/operation-1785122868530-6578f4e758bfc-8f07d875-3b8ad724","metadata":{"@type":"type.googleapis.com/google.cloud.functions.v2.OperationMetadata","createTime":"2026-07-27T03:27:48.993798616Z","target":"projects/lion-e7e25/locations/us-central1/functions/adminApproveTransaction","verb":"create","cancelRequested":false,"apiVersion":"v2","requestResource":{"@type":"type.googleapis.com/google.cloud.functions.v2.Function","name":"projects/lion-e7e25/locations/us-central1/functions/adminApproveTransaction","buildConfig":{"runtime":"nodejs24","entryPoint":"adminApproveTransaction","source":{"storageSource":{"bucket":"gcf-v2-sources-411435734882-us-central1","object":"adminApproveTransaction/function-source.zip","generation":"1785122868773071"}},"environmentVariables":{"GOOGLE_NODE_RUN_SCRIPTS":""},"serviceAccount":"projects/lion-e7e25/serviceAccounts/411435734882-compute@developer.gserviceaccount.com","automaticUpdatePolicy":{}},"serviceConfig":{"service":"projects/lion-e7e25/locations/us-central1/services/adminapprovetransaction","timeoutSeconds":60,"environmentVariables":{"FIREBASE_CONFIG":"{\"projectId\":\"lion-e7e25\",\"databaseURL\":\"https://lion-e7e25-default-rtdb.firebaseio.com\",\"storageBucket\":\"lion-e7e25.firebasestorage.app\"}","GCLOUD_PROJECT":"lion-e7e25","EVENTARC_CLOUD_EVENT_SOURCE":"projects/lion-e7e25/locations/us-central1/services/adminApproveTransaction","FUNCTION_TARGET":"adminApproveTransaction","LOG_EXECUTION_ID":"true"},"ingressSettings":"ALLOW_ALL","serviceAccountEmail":"411435734882-compute@developer.gserviceaccount.com","availableMemory":"256Mi","maxInstanceRequestConcurrency":80,"availableCpu":"1"},"labels":{"deployment-tool":"cli-firebase","deployment-callable":"true","firebase-functions-hash":"165a4ea733c830275c731091a192864a0491126e"},"environment":"GEN_2"},"stages":[{"name":"BUILD","message":"Build in progress","state":"IN_PROGRESS","resource":"projects/411435734882/locations/us-central1/builds/912a657a-f094-4937-b873-8f76336f4dd2","resourceUri":"https://console.cloud.google.com/cloud-build/builds;region=us-central1/912a657a-f094-4937-b873-8f76336f4dd2?project=411435734882"},{"name":"SERVICE","state":"NOT_STARTED"}],"operationType":"CREATE_FUNCTION","buildName":"projects/411435734882/locations/us-central1/builds/912a657a-f094-4937-b873-8f76336f4dd2"},"done":false}
[debug] [2026-07-27T03:26:33.152Z] <<< [apiv2][status] GET https://cloudfunctions.googleapis.com/v2/projects/lion-e7e25/locations/us-central1/operations/operation-1785122868450-6578f4e7455fa-83551bd4-a72b5905 200
[debug] [2026-07-27T03:26:33.152Z] <<< [apiv2][body] GET https://cloudfunctions.googleapis.com/v2/projects/lion-e7e25/locations/us-central1/operations/operation-1785122868450-6578f4e7455fa-83551bd4-a72b5905 {"name":"projects/lion-e7e25/locations/us-central1/operations/operation-1785122868450-6578f4e7455fa-83551bd4-a72b5905","metadata":{"@type":"type.googleapis.com/google.cloud.functions.v2.OperationMetadata","createTime":"2026-07-27T03:27:48.907744426Z","target":"projects/lion-e7e25/locations/us-central1/functions/submitDeposit","verb":"create","cancelRequested":false,"apiVersion":"v2","requestResource":{"@type":"type.googleapis.com/google.cloud.functions.v2.Function","name":"projects/lion-e7e25/locations/us-central1/functions/submitDeposit","buildConfig":{"runtime":"nodejs24","entryPoint":"submitDeposit","source":{"storageSource":{"bucket":"gcf-v2-sources-411435734882-us-central1","object":"submitDeposit/function-source.zip","generation":"1785122868687659"}},"environmentVariables":{"GOOGLE_NODE_RUN_SCRIPTS":""},"serviceAccount":"projects/lion-e7e25/serviceAccounts/411435734882-compute@developer.gserviceaccount.com","automaticUpdatePolicy":{}},"serviceConfig":{"service":"projects/lion-e7e25/locations/us-central1/services/submitdeposit","timeoutSeconds":60,"environmentVariables":{"FIREBASE_CONFIG":"{\"projectId\":\"lion-e7e25\",\"databaseURL\":\"https://lion-e7e25-default-rtdb.firebaseio.com\",\"storageBucket\":\"lion-e7e25.firebasestorage.app\"}","GCLOUD_PROJECT":"lion-e7e25","EVENTARC_CLOUD_EVENT_SOURCE":"projects/lion-e7e25/locations/us-central1/services/submitDeposit","FUNCTION_TARGET":"submitDeposit","LOG_EXECUTION_ID":"true"},"ingressSettings":"ALLOW_ALL","serviceAccountEmail":"411435734882-compute@developer.gserviceaccount.com","availableMemory":"256Mi","maxInstanceRequestConcurrency":80,"availableCpu":"1"},"labels":{"deployment-tool":"cli-firebase","deployment-callable":"true","firebase-functions-hash":"165a4ea733c830275c731091a192864a0491126e"},"environment":"GEN_2"},"stages":[{"name":"BUILD","message":"Build in progress","state":"IN_PROGRESS","resource":"projects/411435734882/locations/us-central1/builds/17a69e4f-cb6c-45d2-91dd-84e4a4d6c8fa","resourceUri":"https://console.cloud.google.com/cloud-build/builds;region=us-central1/17a69e4f-cb6c-45d2-91dd-84e4a4d6c8fa?project=411435734882"},{"name":"SERVICE","state":"NOT_STARTED"}],"operationType":"CREATE_FUNCTION","buildName":"projects/411435734882/locations/us-central1/builds/17a69e4f-cb6c-45d2-91dd-84e4a4d6c8fa"},"done":false}
[debug] [2026-07-27T03:26:33.350Z] <<< [apiv2][status] GET https://cloudfunctions.googleapis.com/v2/projects/lion-e7e25/locations/us-central1/operations/operation-1785122868531-6578f4e759285-f2f148be-673f0926 200
[debug] [2026-07-27T03:26:33.350Z] <<< [apiv2][body] GET https://cloudfunctions.googleapis.com/v2/projects/lion-e7e25/locations/us-central1/operations/operation-1785122868531-6578f4e759285-f2f148be-673f0926 {"name":"projects/lion-e7e25/locations/us-central1/operations/operation-1785122868531-6578f4e759285-f2f148be-673f0926","metadata":{"@type":"type.googleapis.com/google.cloud.functions.v2.OperationMetadata","createTime":"2026-07-27T03:27:48.987256620Z","target":"projects/lion-e7e25/locations/us-central1/functions/processVideoTask","verb":"create","cancelRequested":false,"apiVersion":"v2","requestResource":{"@type":"type.googleapis.com/google.cloud.functions.v2.Function","name":"projects/lion-e7e25/locations/us-central1/functions/processVideoTask","buildConfig":{"runtime":"nodejs24","entryPoint":"processVideoTask","source":{"storageSource":{"bucket":"gcf-v2-sources-411435734882-us-central1","object":"processVideoTask/function-source.zip","generation":"1785122868762309"}},"environmentVariables":{"GOOGLE_NODE_RUN_SCRIPTS":""},"serviceAccount":"projects/lion-e7e25/serviceAccounts/411435734882-compute@developer.gserviceaccount.com","automaticUpdatePolicy":{}},"serviceConfig":{"service":"projects/lion-e7e25/locations/us-central1/services/processvideotask","timeoutSeconds":60,"environmentVariables":{"FIREBASE_CONFIG":"{\"projectId\":\"lion-e7e25\",\"databaseURL\":\"https://lion-e7e25-default-rtdb.firebaseio.com\",\"storageBucket\":\"lion-e7e25.firebasestorage.app\"}","GCLOUD_PROJECT":"lion-e7e25","EVENTARC_CLOUD_EVENT_SOURCE":"projects/lion-e7e25/locations/us-central1/services/processVideoTask","FUNCTION_TARGET":"processVideoTask","LOG_EXECUTION_ID":"true"},"ingressSettings":"ALLOW_ALL","serviceAccountEmail":"411435734882-compute@developer.gserviceaccount.com","availableMemory":"256Mi","maxInstanceRequestConcurrency":80,"availableCpu":"1"},"labels":{"deployment-tool":"cli-firebase","deployment-callable":"true","firebase-functions-hash":"165a4ea733c830275c731091a192864a0491126e"},"environment":"GEN_2"},"stages":[{"name":"BUILD","message":"Build in progress","state":"IN_PROGRESS","resource":"projects/411435734882/locations/us-central1/builds/9f55a9fd-3ba8-48de-83b9-dc0a3de62ffe","resourceUri":"https://console.cloud.google.com/cloud-build/builds;region=us-central1/9f55a9fd-3ba8-48de-83b9-dc0a3de62ffe?project=411435734882"},{"name":"SERVICE","state":"NOT_STARTED"}],"operationType":"CREATE_FUNCTION","buildName":"projects/411435734882/locations/us-central1/builds/9f55a9fd-3ba8-48de-83b9-dc0a3de62ffe"},"done":false}
[debug] [2026-07-27T03:26:33.412Z] <<< [apiv2][status] GET https://cloudfunctions.googleapis.com/v2/projects/lion-e7e25/locations/us-central1/operations/operation-1785122868530-6578f4e758d20-be04219c-15bb2080 200
[debug] [2026-07-27T03:26:33.412Z] <<< [apiv2][body] GET https://cloudfunctions.googleapis.com/v2/projects/lion-e7e25/locations/us-central1/operations/operation-1785122868530-6578f4e758d20-be04219c-15bb2080 {"name":"projects/lion-e7e25/locations/us-central1/operations/operation-1785122868530-6578f4e758d20-be04219c-15bb2080","metadata":{"@type":"type.googleapis.com/google.cloud.functions.v2.OperationMetadata","createTime":"2026-07-27T03:27:49.049150567Z","target":"projects/lion-e7e25/locations/us-central1/functions/checkPendingPassword","verb":"create","cancelRequested":false,"apiVersion":"v2","requestResource":{"@type":"type.googleapis.com/google.cloud.functions.v2.Function","name":"projects/lion-e7e25/locations/us-central1/functions/checkPendingPassword","buildConfig":{"runtime":"nodejs24","entryPoint":"checkPendingPassword","source":{"storageSource":{"bucket":"gcf-v2-sources-411435734882-us-central1","object":"checkPendingPassword/function-source.zip","generation":"1785122868790167"}},"environmentVariables":{"GOOGLE_NODE_RUN_SCRIPTS":""},"serviceAccount":"projects/lion-e7e25/serviceAccounts/411435734882-compute@developer.gserviceaccount.com","automaticUpdatePolicy":{}},"serviceConfig":{"service":"projects/lion-e7e25/locations/us-central1/services/checkpendingpassword","timeoutSeconds":60,"environmentVariables":{"FIREBASE_CONFIG":"{\"projectId\":\"lion-e7e25\",\"databaseURL\":\"https://lion-e7e25-default-rtdb.firebaseio.com\",\"storageBucket\":\"lion-e7e25.firebasestorage.app\"}","GCLOUD_PROJECT":"lion-e7e25","EVENTARC_CLOUD_EVENT_SOURCE":"projects/lion-e7e25/locations/us-central1/services/checkPendingPassword","FUNCTION_TARGET":"checkPendingPassword","LOG_EXECUTION_ID":"true"},"ingressSettings":"ALLOW_ALL","serviceAccountEmail":"411435734882-compute@developer.gserviceaccount.com","availableMemory":"256Mi","maxInstanceRequestConcurrency":80,"availableCpu":"1"},"labels":{"deployment-tool":"cli-firebase","deployment-callable":"true","firebase-functions-hash":"165a4ea733c830275c731091a192864a0491126e"},"environment":"GEN_2"},"stages":[{"name":"BUILD","message":"Build in progress","state":"IN_PROGRESS","resource":"projects/411435734882/locations/us-central1/builds/931bb83b-6003-4656-82b2-9de600ef47ee","resourceUri":"https://console.cloud.google.com/cloud-build/builds;region=us-central1/931bb83b-6003-4656-82b2-9de600ef47ee?project=411435734882"},{"name":"SERVICE","state":"NOT_STARTED"}],"operationType":"CREATE_FUNCTION","buildName":"projects/411435734882/locations/us-central1/builds/931bb83b-6003-4656-82b2-9de600ef47ee"},"done":false}
[debug] [2026-07-27T03:26:40.730Z] [create-default-us-central1-adminRejectTransaction] Retrying task index 0
[debug] [2026-07-27T03:26:40.730Z] Checked if tokens are valid: true, expires at: 1785124516750
[debug] [2026-07-27T03:26:40.730Z] Checked if tokens are valid: true, expires at: 1785124516750
[debug] [2026-07-27T03:26:40.731Z] >>> [apiv2][query] GET https://cloudfunctions.googleapis.com/v2/projects/lion-e7e25/locations/us-central1/operations/operation-1785122868547-6578f4e75d0ff-7436fc82-b7b96d39 [none]
[debug] [2026-07-27T03:26:40.776Z] [create-default-us-central1-adminUpdateUserProfile] Retrying task index 0
[debug] [2026-07-27T03:26:40.777Z] Checked if tokens are valid: true, expires at: 1785124516750
[debug] [2026-07-27T03:26:40.777Z] Checked if tokens are valid: true, expires at: 1785124516750
[debug] [2026-07-27T03:26:40.777Z] >>> [apiv2][query] GET https://cloudfunctions.googleapis.com/v2/projects/lion-e7e25/locations/us-central1/operations/operation-1785122868521-6578f4e756b8e-8cb50f62-eb9686ec [none]
[debug] [2026-07-27T03:26:40.800Z] [create-default-us-central1-adminApproveTransaction] Retrying task index 0
[debug] [2026-07-27T03:26:40.800Z] Checked if tokens are valid: true, expires at: 1785124516750
[debug] [2026-07-27T03:26:40.800Z] Checked if tokens are valid: true, expires at: 1785124516750
[debug] [2026-07-27T03:26:40.801Z] >>> [apiv2][query] GET https://cloudfunctions.googleapis.com/v2/projects/lion-e7e25/locations/us-central1/operations/operation-1785122868530-6578f4e758bfc-8f07d875-3b8ad724 [none]
[debug] [2026-07-27T03:26:41.033Z] <<< [apiv2][status] GET https://cloudfunctions.googleapis.com/v2/projects/lion-e7e25/locations/us-central1/operations/operation-1785122868521-6578f4e756b8e-8cb50f62-eb9686ec 200
[debug] [2026-07-27T03:26:41.033Z] <<< [apiv2][body] GET https://cloudfunctions.googleapis.com/v2/projects/lion-e7e25/locations/us-central1/operations/operation-1785122868521-6578f4e756b8e-8cb50f62-eb9686ec {"name":"projects/lion-e7e25/locations/us-central1/operations/operation-1785122868521-6578f4e756b8e-8cb50f62-eb9686ec","metadata":{"@type":"type.googleapis.com/google.cloud.functions.v2.OperationMetadata","createTime":"2026-07-27T03:27:49.022354032Z","target":"projects/lion-e7e25/locations/us-central1/functions/adminUpdateUserProfile","verb":"create","cancelRequested":false,"apiVersion":"v2","requestResource":{"@type":"type.googleapis.com/google.cloud.functions.v2.Function","name":"projects/lion-e7e25/locations/us-central1/functions/adminUpdateUserProfile","buildConfig":{"runtime":"nodejs24","entryPoint":"adminUpdateUserProfile","source":{"storageSource":{"bucket":"gcf-v2-sources-411435734882-us-central1","object":"adminUpdateUserProfile/function-source.zip","generation":"1785122868785250"}},"environmentVariables":{"GOOGLE_NODE_RUN_SCRIPTS":""},"serviceAccount":"projects/lion-e7e25/serviceAccounts/411435734882-compute@developer.gserviceaccount.com","automaticUpdatePolicy":{}},"serviceConfig":{"service":"projects/lion-e7e25/locations/us-central1/services/adminupdateuserprofile","timeoutSeconds":60,"environmentVariables":{"FIREBASE_CONFIG":"{\"projectId\":\"lion-e7e25\",\"databaseURL\":\"https://lion-e7e25-default-rtdb.firebaseio.com\",\"storageBucket\":\"lion-e7e25.firebasestorage.app\"}","GCLOUD_PROJECT":"lion-e7e25","EVENTARC_CLOUD_EVENT_SOURCE":"projects/lion-e7e25/locations/us-central1/services/adminUpdateUserProfile","FUNCTION_TARGET":"adminUpdateUserProfile","LOG_EXECUTION_ID":"true"},"ingressSettings":"ALLOW_ALL","serviceAccountEmail":"411435734882-compute@developer.gserviceaccount.com","availableMemory":"256Mi","maxInstanceRequestConcurrency":80,"availableCpu":"1"},"labels":{"deployment-tool":"cli-firebase","deployment-callable":"true","firebase-functions-hash":"165a4ea733c830275c731091a192864a0491126e"},"environment":"GEN_2"},"stages":[{"name":"BUILD","message":"Build in progress","state":"IN_PROGRESS","resource":"projects/411435734882/locations/us-central1/builds/27ec3ff3-4a81-4732-a73d-a9fa3b5db5a6","resourceUri":"https://console.cloud.google.com/cloud-build/builds;region=us-central1/27ec3ff3-4a81-4732-a73d-a9fa3b5db5a6?project=411435734882"},{"name":"SERVICE","state":"NOT_STARTED"}],"operationType":"CREATE_FUNCTION","buildName":"projects/411435734882/locations/us-central1/builds/27ec3ff3-4a81-4732-a73d-a9fa3b5db5a6"},"done":false}
[debug] [2026-07-27T03:26:41.153Z] [create-default-us-central1-submitDeposit] Retrying task index 0
[debug] [2026-07-27T03:26:41.153Z] Checked if tokens are valid: true, expires at: 1785124516750
[debug] [2026-07-27T03:26:41.153Z] Checked if tokens are valid: true, expires at: 1785124516750
[debug] [2026-07-27T03:26:41.153Z] >>> [apiv2][query] GET https://cloudfunctions.googleapis.com/v2/projects/lion-e7e25/locations/us-central1/operations/operation-1785122868450-6578f4e7455fa-83551bd4-a72b5905 [none]
[debug] [2026-07-27T03:26:41.350Z] [create-default-us-central1-processVideoTask] Retrying task index 0
[debug] [2026-07-27T03:26:41.351Z] Checked if tokens are valid: true, expires at: 1785124516750
[debug] [2026-07-27T03:26:41.351Z] Checked if tokens are valid: true, expires at: 1785124516750
[debug] [2026-07-27T03:26:41.351Z] >>> [apiv2][query] GET https://cloudfunctions.googleapis.com/v2/projects/lion-e7e25/locations/us-central1/operations/operation-1785122868531-6578f4e759285-f2f148be-673f0926 [none]
[debug] [2026-07-27T03:26:41.412Z] [create-default-us-central1-checkPendingPassword] Retrying task index 0
[debug] [2026-07-27T03:26:41.413Z] Checked if tokens are valid: true, expires at: 1785124516750
[debug] [2026-07-27T03:26:41.413Z] Checked if tokens are valid: true, expires at: 1785124516750
[debug] [2026-07-27T03:26:41.413Z] >>> [apiv2][query] GET https://cloudfunctions.googleapis.com/v2/projects/lion-e7e25/locations/us-central1/operations/operation-1785122868530-6578f4e758d20-be04219c-15bb2080 [none]
[debug] [2026-07-27T03:26:41.503Z] <<< [apiv2][status] GET https://cloudfunctions.googleapis.com/v2/projects/lion-e7e25/locations/us-central1/operations/operation-1785122868547-6578f4e75d0ff-7436fc82-b7b96d39 200
[debug] [2026-07-27T03:26:41.503Z] <<< [apiv2][body] GET https://cloudfunctions.googleapis.com/v2/projects/lion-e7e25/locations/us-central1/operations/operation-1785122868547-6578f4e75d0ff-7436fc82-b7b96d39 {"name":"projects/lion-e7e25/locations/us-central1/operations/operation-1785122868547-6578f4e75d0ff-7436fc82-b7b96d39","metadata":{"@type":"type.googleapis.com/google.cloud.functions.v2.OperationMetadata","createTime":"2026-07-27T03:27:48.991844254Z","target":"projects/lion-e7e25/locations/us-central1/functions/adminRejectTransaction","verb":"create","cancelRequested":false,"apiVersion":"v2","requestResource":{"@type":"type.googleapis.com/google.cloud.functions.v2.Function","name":"projects/lion-e7e25/locations/us-central1/functions/adminRejectTransaction","buildConfig":{"runtime":"nodejs24","entryPoint":"adminRejectTransaction","source":{"storageSource":{"bucket":"gcf-v2-sources-411435734882-us-central1","object":"adminRejectTransaction/function-source.zip","generation":"1785122868783833"}},"environmentVariables":{"GOOGLE_NODE_RUN_SCRIPTS":""},"serviceAccount":"projects/lion-e7e25/serviceAccounts/411435734882-compute@developer.gserviceaccount.com","automaticUpdatePolicy":{}},"serviceConfig":{"service":"projects/lion-e7e25/locations/us-central1/services/adminrejecttransaction","timeoutSeconds":60,"environmentVariables":{"FIREBASE_CONFIG":"{\"projectId\":\"lion-e7e25\",\"databaseURL\":\"https://lion-e7e25-default-rtdb.firebaseio.com\",\"storageBucket\":\"lion-e7e25.firebasestorage.app\"}","GCLOUD_PROJECT":"lion-e7e25","EVENTARC_CLOUD_EVENT_SOURCE":"projects/lion-e7e25/locations/us-central1/services/adminRejectTransaction","FUNCTION_TARGET":"adminRejectTransaction","LOG_EXECUTION_ID":"true"},"ingressSettings":"ALLOW_ALL","serviceAccountEmail":"411435734882-compute@developer.gserviceaccount.com","availableMemory":"256Mi","maxInstanceRequestConcurrency":80,"availableCpu":"1"},"labels":{"deployment-tool":"cli-firebase","deployment-callable":"true","firebase-functions-hash":"165a4ea733c830275c731091a192864a0491126e"},"environment":"GEN_2"},"stages":[{"name":"BUILD","message":"Build in progress","state":"IN_PROGRESS","resource":"projects/411435734882/locations/us-central1/builds/18ce9598-ef6c-4102-97bc-ef3e3131187c","resourceUri":"https://console.cloud.google.com/cloud-build/builds;region=us-central1/18ce9598-ef6c-4102-97bc-ef3e3131187c?project=411435734882"},{"name":"SERVICE","state":"NOT_STARTED"}],"operationType":"CREATE_FUNCTION","buildName":"projects/411435734882/locations/us-central1/builds/18ce9598-ef6c-4102-97bc-ef3e3131187c"},"done":false}
[debug] [2026-07-27T03:26:41.554Z] <<< [apiv2][status] GET https://cloudfunctions.googleapis.com/v2/projects/lion-e7e25/locations/us-central1/operations/operation-1785122868530-6578f4e758bfc-8f07d875-3b8ad724 200
[debug] [2026-07-27T03:26:41.555Z] <<< [apiv2][body] GET https://cloudfunctions.googleapis.com/v2/projects/lion-e7e25/locations/us-central1/operations/operation-1785122868530-6578f4e758bfc-8f07d875-3b8ad724 {"name":"projects/lion-e7e25/locations/us-central1/operations/operation-1785122868530-6578f4e758bfc-8f07d875-3b8ad724","metadata":{"@type":"type.googleapis.com/google.cloud.functions.v2.OperationMetadata","createTime":"2026-07-27T03:27:48.993798616Z","target":"projects/lion-e7e25/locations/us-central1/functions/adminApproveTransaction","verb":"create","cancelRequested":false,"apiVersion":"v2","requestResource":{"@type":"type.googleapis.com/google.cloud.functions.v2.Function","name":"projects/lion-e7e25/locations/us-central1/functions/adminApproveTransaction","buildConfig":{"runtime":"nodejs24","entryPoint":"adminApproveTransaction","source":{"storageSource":{"bucket":"gcf-v2-sources-411435734882-us-central1","object":"adminApproveTransaction/function-source.zip","generation":"1785122868773071"}},"environmentVariables":{"GOOGLE_NODE_RUN_SCRIPTS":""},"serviceAccount":"projects/lion-e7e25/serviceAccounts/411435734882-compute@developer.gserviceaccount.com","automaticUpdatePolicy":{}},"serviceConfig":{"service":"projects/lion-e7e25/locations/us-central1/services/adminapprovetransaction","timeoutSeconds":60,"environmentVariables":{"FIREBASE_CONFIG":"{\"projectId\":\"lion-e7e25\",\"databaseURL\":\"https://lion-e7e25-default-rtdb.firebaseio.com\",\"storageBucket\":\"lion-e7e25.firebasestorage.app\"}","GCLOUD_PROJECT":"lion-e7e25","EVENTARC_CLOUD_EVENT_SOURCE":"projects/lion-e7e25/locations/us-central1/services/adminApproveTransaction","FUNCTION_TARGET":"adminApproveTransaction","LOG_EXECUTION_ID":"true"},"ingressSettings":"ALLOW_ALL","serviceAccountEmail":"411435734882-compute@developer.gserviceaccount.com","availableMemory":"256Mi","maxInstanceRequestConcurrency":80,"availableCpu":"1"},"labels":{"deployment-tool":"cli-firebase","deployment-callable":"true","firebase-functions-hash":"165a4ea733c830275c731091a192864a0491126e"},"environment":"GEN_2"},"stages":[{"name":"BUILD","message":"Build in progress","state":"IN_PROGRESS","resource":"projects/411435734882/locations/us-central1/builds/912a657a-f094-4937-b873-8f76336f4dd2","resourceUri":"https://console.cloud.google.com/cloud-build/builds;region=us-central1/912a657a-f094-4937-b873-8f76336f4dd2?project=411435734882"},{"name":"SERVICE","state":"NOT_STARTED"}],"operationType":"CREATE_FUNCTION","buildName":"projects/411435734882/locations/us-central1/builds/912a657a-f094-4937-b873-8f76336f4dd2"},"done":false}
[debug] [2026-07-27T03:26:41.611Z] <<< [apiv2][status] GET https://cloudfunctions.googleapis.com/v2/projects/lion-e7e25/locations/us-central1/operations/operation-1785122868531-6578f4e759285-f2f148be-673f0926 200
[debug] [2026-07-27T03:26:41.611Z] <<< [apiv2][body] GET https://cloudfunctions.googleapis.com/v2/projects/lion-e7e25/locations/us-central1/operations/operation-1785122868531-6578f4e759285-f2f148be-673f0926 {"name":"projects/lion-e7e25/locations/us-central1/operations/operation-1785122868531-6578f4e759285-f2f148be-673f0926","metadata":{"@type":"type.googleapis.com/google.cloud.functions.v2.OperationMetadata","createTime":"2026-07-27T03:27:48.987256620Z","target":"projects/lion-e7e25/locations/us-central1/functions/processVideoTask","verb":"create","cancelRequested":false,"apiVersion":"v2","requestResource":{"@type":"type.googleapis.com/google.cloud.functions.v2.Function","name":"projects/lion-e7e25/locations/us-central1/functions/processVideoTask","buildConfig":{"runtime":"nodejs24","entryPoint":"processVideoTask","source":{"storageSource":{"bucket":"gcf-v2-sources-411435734882-us-central1","object":"processVideoTask/function-source.zip","generation":"1785122868762309"}},"environmentVariables":{"GOOGLE_NODE_RUN_SCRIPTS":""},"serviceAccount":"projects/lion-e7e25/serviceAccounts/411435734882-compute@developer.gserviceaccount.com","automaticUpdatePolicy":{}},"serviceConfig":{"service":"projects/lion-e7e25/locations/us-central1/services/processvideotask","timeoutSeconds":60,"environmentVariables":{"FIREBASE_CONFIG":"{\"projectId\":\"lion-e7e25\",\"databaseURL\":\"https://lion-e7e25-default-rtdb.firebaseio.com\",\"storageBucket\":\"lion-e7e25.firebasestorage.app\"}","GCLOUD_PROJECT":"lion-e7e25","EVENTARC_CLOUD_EVENT_SOURCE":"projects/lion-e7e25/locations/us-central1/services/processVideoTask","FUNCTION_TARGET":"processVideoTask","LOG_EXECUTION_ID":"true"},"ingressSettings":"ALLOW_ALL","serviceAccountEmail":"411435734882-compute@developer.gserviceaccount.com","availableMemory":"256Mi","maxInstanceRequestConcurrency":80,"availableCpu":"1"},"labels":{"deployment-tool":"cli-firebase","deployment-callable":"true","firebase-functions-hash":"165a4ea733c830275c731091a192864a0491126e"},"environment":"GEN_2"},"stages":[{"name":"BUILD","message":"Build in progress","state":"IN_PROGRESS","resource":"projects/411435734882/locations/us-central1/builds/9f55a9fd-3ba8-48de-83b9-dc0a3de62ffe","resourceUri":"https://console.cloud.google.com/cloud-build/builds;region=us-central1/9f55a9fd-3ba8-48de-83b9-dc0a3de62ffe?project=411435734882"},{"name":"SERVICE","state":"NOT_STARTED"}],"operationType":"CREATE_FUNCTION","buildName":"projects/411435734882/locations/us-central1/builds/9f55a9fd-3ba8-48de-83b9-dc0a3de62ffe"},"done":false}
[debug] [2026-07-27T03:26:41.841Z] <<< [apiv2][status] GET https://cloudfunctions.googleapis.com/v2/projects/lion-e7e25/locations/us-central1/operations/operation-1785122868450-6578f4e7455fa-83551bd4-a72b5905 200
[debug] [2026-07-27T03:26:41.841Z] <<< [apiv2][body] GET https://cloudfunctions.googleapis.com/v2/projects/lion-e7e25/locations/us-central1/operations/operation-1785122868450-6578f4e7455fa-83551bd4-a72b5905 {"name":"projects/lion-e7e25/locations/us-central1/operations/operation-1785122868450-6578f4e7455fa-83551bd4-a72b5905","metadata":{"@type":"type.googleapis.com/google.cloud.functions.v2.OperationMetadata","createTime":"2026-07-27T03:27:48.907744426Z","target":"projects/lion-e7e25/locations/us-central1/functions/submitDeposit","verb":"create","cancelRequested":false,"apiVersion":"v2","requestResource":{"@type":"type.googleapis.com/google.cloud.functions.v2.Function","name":"projects/lion-e7e25/locations/us-central1/functions/submitDeposit","buildConfig":{"runtime":"nodejs24","entryPoint":"submitDeposit","source":{"storageSource":{"bucket":"gcf-v2-sources-411435734882-us-central1","object":"submitDeposit/function-source.zip","generation":"1785122868687659"}},"environmentVariables":{"GOOGLE_NODE_RUN_SCRIPTS":""},"serviceAccount":"projects/lion-e7e25/serviceAccounts/411435734882-compute@developer.gserviceaccount.com","automaticUpdatePolicy":{}},"serviceConfig":{"service":"projects/lion-e7e25/locations/us-central1/services/submitdeposit","timeoutSeconds":60,"environmentVariables":{"FIREBASE_CONFIG":"{\"projectId\":\"lion-e7e25\",\"databaseURL\":\"https://lion-e7e25-default-rtdb.firebaseio.com\",\"storageBucket\":\"lion-e7e25.firebasestorage.app\"}","GCLOUD_PROJECT":"lion-e7e25","EVENTARC_CLOUD_EVENT_SOURCE":"projects/lion-e7e25/locations/us-central1/services/submitDeposit","FUNCTION_TARGET":"submitDeposit","LOG_EXECUTION_ID":"true"},"ingressSettings":"ALLOW_ALL","serviceAccountEmail":"411435734882-compute@developer.gserviceaccount.com","availableMemory":"256Mi","maxInstanceRequestConcurrency":80,"availableCpu":"1"},"labels":{"deployment-tool":"cli-firebase","deployment-callable":"true","firebase-functions-hash":"165a4ea733c830275c731091a192864a0491126e"},"environment":"GEN_2"},"stages":[{"name":"BUILD","message":"Build in progress","state":"IN_PROGRESS","resource":"projects/411435734882/locations/us-central1/builds/17a69e4f-cb6c-45d2-91dd-84e4a4d6c8fa","resourceUri":"https://console.cloud.google.com/cloud-build/builds;region=us-central1/17a69e4f-cb6c-45d2-91dd-84e4a4d6c8fa?project=411435734882"},{"name":"SERVICE","state":"NOT_STARTED"}],"operationType":"CREATE_FUNCTION","buildName":"projects/411435734882/locations/us-central1/builds/17a69e4f-cb6c-45d2-91dd-84e4a4d6c8fa"},"done":false}
[debug] [2026-07-27T03:26:42.195Z] <<< [apiv2][status] GET https://cloudfunctions.googleapis.com/v2/projects/lion-e7e25/locations/us-central1/operations/operation-1785122868530-6578f4e758d20-be04219c-15bb2080 200
[debug] [2026-07-27T03:26:42.195Z] <<< [apiv2][body] GET https://cloudfunctions.googleapis.com/v2/projects/lion-e7e25/locations/us-central1/operations/operation-1785122868530-6578f4e758d20-be04219c-15bb2080 {"name":"projects/lion-e7e25/locations/us-central1/operations/operation-1785122868530-6578f4e758d20-be04219c-15bb2080","metadata":{"@type":"type.googleapis.com/google.cloud.functions.v2.OperationMetadata","createTime":"2026-07-27T03:27:49.049150567Z","target":"projects/lion-e7e25/locations/us-central1/functions/checkPendingPassword","verb":"create","cancelRequested":false,"apiVersion":"v2","requestResource":{"@type":"type.googleapis.com/google.cloud.functions.v2.Function","name":"projects/lion-e7e25/locations/us-central1/functions/checkPendingPassword","buildConfig":{"runtime":"nodejs24","entryPoint":"checkPendingPassword","source":{"storageSource":{"bucket":"gcf-v2-sources-411435734882-us-central1","object":"checkPendingPassword/function-source.zip","generation":"1785122868790167"}},"environmentVariables":{"GOOGLE_NODE_RUN_SCRIPTS":""},"serviceAccount":"projects/lion-e7e25/serviceAccounts/411435734882-compute@developer.gserviceaccount.com","automaticUpdatePolicy":{}},"serviceConfig":{"service":"projects/lion-e7e25/locations/us-central1/services/checkpendingpassword","timeoutSeconds":60,"environmentVariables":{"FIREBASE_CONFIG":"{\"projectId\":\"lion-e7e25\",\"databaseURL\":\"https://lion-e7e25-default-rtdb.firebaseio.com\",\"storageBucket\":\"lion-e7e25.firebasestorage.app\"}","GCLOUD_PROJECT":"lion-e7e25","EVENTARC_CLOUD_EVENT_SOURCE":"projects/lion-e7e25/locations/us-central1/services/checkPendingPassword","FUNCTION_TARGET":"checkPendingPassword","LOG_EXECUTION_ID":"true"},"ingressSettings":"ALLOW_ALL","serviceAccountEmail":"411435734882-compute@developer.gserviceaccount.com","availableMemory":"256Mi","maxInstanceRequestConcurrency":80,"availableCpu":"1"},"labels":{"deployment-tool":"cli-firebase","deployment-callable":"true","firebase-functions-hash":"165a4ea733c830275c731091a192864a0491126e"},"environment":"GEN_2"},"stages":[{"name":"BUILD","message":"Build in progress","state":"IN_PROGRESS","resource":"projects/411435734882/locations/us-central1/builds/931bb83b-6003-4656-82b2-9de600ef47ee","resourceUri":"https://console.cloud.google.com/cloud-build/builds;region=us-central1/931bb83b-6003-4656-82b2-9de600ef47ee?project=411435734882"},{"name":"SERVICE","state":"NOT_STARTED"}],"operationType":"CREATE_FUNCTION","buildName":"projects/411435734882/locations/us-central1/builds/931bb83b-6003-4656-82b2-9de600ef47ee"},"done":false}
[debug] [2026-07-27T03:26:51.036Z] [create-default-us-central1-adminUpdateUserProfile] Retrying task index 0
[debug] [2026-07-27T03:26:51.036Z] Checked if tokens are valid: true, expires at: 1785124516750
[debug] [2026-07-27T03:26:51.036Z] Checked if tokens are valid: true, expires at: 1785124516750
[debug] [2026-07-27T03:26:51.036Z] >>> [apiv2][query] GET https://cloudfunctions.googleapis.com/v2/projects/lion-e7e25/locations/us-central1/operations/operation-1785122868521-6578f4e756b8e-8cb50f62-eb9686ec [none]
[debug] [2026-07-27T03:26:51.292Z] <<< [apiv2][status] GET https://cloudfunctions.googleapis.com/v2/projects/lion-e7e25/locations/us-central1/operations/operation-1785122868521-6578f4e756b8e-8cb50f62-eb9686ec 200
[debug] [2026-07-27T03:26:51.292Z] <<< [apiv2][body] GET https://cloudfunctions.googleapis.com/v2/projects/lion-e7e25/locations/us-central1/operations/operation-1785122868521-6578f4e756b8e-8cb50f62-eb9686ec {"name":"projects/lion-e7e25/locations/us-central1/operations/operation-1785122868521-6578f4e756b8e-8cb50f62-eb9686ec","metadata":{"@type":"type.googleapis.com/google.cloud.functions.v2.OperationMetadata","createTime":"2026-07-27T03:27:49.022354032Z","target":"projects/lion-e7e25/locations/us-central1/functions/adminUpdateUserProfile","verb":"create","cancelRequested":false,"apiVersion":"v2","requestResource":{"@type":"type.googleapis.com/google.cloud.functions.v2.Function","name":"projects/lion-e7e25/locations/us-central1/functions/adminUpdateUserProfile","buildConfig":{"runtime":"nodejs24","entryPoint":"adminUpdateUserProfile","source":{"storageSource":{"bucket":"gcf-v2-sources-411435734882-us-central1","object":"adminUpdateUserProfile/function-source.zip","generation":"1785122868785250"}},"environmentVariables":{"GOOGLE_NODE_RUN_SCRIPTS":""},"serviceAccount":"projects/lion-e7e25/serviceAccounts/411435734882-compute@developer.gserviceaccount.com","automaticUpdatePolicy":{}},"serviceConfig":{"service":"projects/lion-e7e25/locations/us-central1/services/adminupdateuserprofile","timeoutSeconds":60,"environmentVariables":{"FIREBASE_CONFIG":"{\"projectId\":\"lion-e7e25\",\"databaseURL\":\"https://lion-e7e25-default-rtdb.firebaseio.com\",\"storageBucket\":\"lion-e7e25.firebasestorage.app\"}","GCLOUD_PROJECT":"lion-e7e25","EVENTARC_CLOUD_EVENT_SOURCE":"projects/lion-e7e25/locations/us-central1/services/adminUpdateUserProfile","FUNCTION_TARGET":"adminUpdateUserProfile","LOG_EXECUTION_ID":"true"},"ingressSettings":"ALLOW_ALL","serviceAccountEmail":"411435734882-compute@developer.gserviceaccount.com","availableMemory":"256Mi","maxInstanceRequestConcurrency":80,"availableCpu":"1"},"labels":{"deployment-tool":"cli-firebase","deployment-callable":"true","firebase-functions-hash":"165a4ea733c830275c731091a192864a0491126e"},"environment":"GEN_2"},"stages":[{"name":"BUILD","message":"Build in progress","state":"IN_PROGRESS","resource":"projects/411435734882/locations/us-central1/builds/27ec3ff3-4a81-4732-a73d-a9fa3b5db5a6","resourceUri":"https://console.cloud.google.com/cloud-build/builds;region=us-central1/27ec3ff3-4a81-4732-a73d-a9fa3b5db5a6?project=411435734882"},{"name":"SERVICE","state":"NOT_STARTED"}],"operationType":"CREATE_FUNCTION","buildName":"projects/411435734882/locations/us-central1/builds/27ec3ff3-4a81-4732-a73d-a9fa3b5db5a6"},"done":false}
[debug] [2026-07-27T03:26:51.505Z] [create-default-us-central1-adminRejectTransaction] Retrying task index 0
[debug] [2026-07-27T03:26:51.506Z] Checked if tokens are valid: true, expires at: 1785124516750
[debug] [2026-07-27T03:26:51.506Z] Checked if tokens are valid: true, expires at: 1785124516750
[debug] [2026-07-27T03:26:51.506Z] >>> [apiv2][query] GET https://cloudfunctions.googleapis.com/v2/projects/lion-e7e25/locations/us-central1/operations/operation-1785122868547-6578f4e75d0ff-7436fc82-b7b96d39 [none]
[debug] [2026-07-27T03:26:51.556Z] [create-default-us-central1-adminApproveTransaction] Retrying task index 0
[debug] [2026-07-27T03:26:51.556Z] Checked if tokens are valid: true, expires at: 1785124516750
[debug] [2026-07-27T03:26:51.556Z] Checked if tokens are valid: true, expires at: 1785124516750
[debug] [2026-07-27T03:26:51.556Z] >>> [apiv2][query] GET https://cloudfunctions.googleapis.com/v2/projects/lion-e7e25/locations/us-central1/operations/operation-1785122868530-6578f4e758bfc-8f07d875-3b8ad724 [none]
[debug] [2026-07-27T03:26:51.611Z] [create-default-us-central1-processVideoTask] Retrying task index 0
[debug] [2026-07-27T03:26:51.611Z] Checked if tokens are valid: true, expires at: 1785124516750
[debug] [2026-07-27T03:26:51.611Z] Checked if tokens are valid: true, expires at: 1785124516750
[debug] [2026-07-27T03:26:51.611Z] >>> [apiv2][query] GET https://cloudfunctions.googleapis.com/v2/projects/lion-e7e25/locations/us-central1/operations/operation-1785122868531-6578f4e759285-f2f148be-673f0926 [none]
[debug] [2026-07-27T03:26:51.841Z] [create-default-us-central1-submitDeposit] Retrying task index 0
[debug] [2026-07-27T03:26:51.841Z] Checked if tokens are valid: true, expires at: 1785124516750
[debug] [2026-07-27T03:26:51.841Z] Checked if tokens are valid: true, expires at: 1785124516750
[debug] [2026-07-27T03:26:51.841Z] >>> [apiv2][query] GET https://cloudfunctions.googleapis.com/v2/projects/lion-e7e25/locations/us-central1/operations/operation-1785122868450-6578f4e7455fa-83551bd4-a72b5905 [none]
[debug] [2026-07-27T03:26:52.182Z] <<< [apiv2][status] GET https://cloudfunctions.googleapis.com/v2/projects/lion-e7e25/locations/us-central1/operations/operation-1785122868547-6578f4e75d0ff-7436fc82-b7b96d39 200
[debug] [2026-07-27T03:26:52.182Z] <<< [apiv2][body] GET https://cloudfunctions.googleapis.com/v2/projects/lion-e7e25/locations/us-central1/operations/operation-1785122868547-6578f4e75d0ff-7436fc82-b7b96d39 {"name":"projects/lion-e7e25/locations/us-central1/operations/operation-1785122868547-6578f4e75d0ff-7436fc82-b7b96d39","metadata":{"@type":"type.googleapis.com/google.cloud.functions.v2.OperationMetadata","createTime":"2026-07-27T03:27:48.991844254Z","target":"projects/lion-e7e25/locations/us-central1/functions/adminRejectTransaction","verb":"create","cancelRequested":false,"apiVersion":"v2","requestResource":{"@type":"type.googleapis.com/google.cloud.functions.v2.Function","name":"projects/lion-e7e25/locations/us-central1/functions/adminRejectTransaction","buildConfig":{"runtime":"nodejs24","entryPoint":"adminRejectTransaction","source":{"storageSource":{"bucket":"gcf-v2-sources-411435734882-us-central1","object":"adminRejectTransaction/function-source.zip","generation":"1785122868783833"}},"environmentVariables":{"GOOGLE_NODE_RUN_SCRIPTS":""},"serviceAccount":"projects/lion-e7e25/serviceAccounts/411435734882-compute@developer.gserviceaccount.com","automaticUpdatePolicy":{}},"serviceConfig":{"service":"projects/lion-e7e25/locations/us-central1/services/adminrejecttransaction","timeoutSeconds":60,"environmentVariables":{"FIREBASE_CONFIG":"{\"projectId\":\"lion-e7e25\",\"databaseURL\":\"https://lion-e7e25-default-rtdb.firebaseio.com\",\"storageBucket\":\"lion-e7e25.firebasestorage.app\"}","GCLOUD_PROJECT":"lion-e7e25","EVENTARC_CLOUD_EVENT_SOURCE":"projects/lion-e7e25/locations/us-central1/services/adminRejectTransaction","FUNCTION_TARGET":"adminRejectTransaction","LOG_EXECUTION_ID":"true"},"ingressSettings":"ALLOW_ALL","serviceAccountEmail":"411435734882-compute@developer.gserviceaccount.com","availableMemory":"256Mi","maxInstanceRequestConcurrency":80,"availableCpu":"1"},"labels":{"deployment-tool":"cli-firebase","deployment-callable":"true","firebase-functions-hash":"165a4ea733c830275c731091a192864a0491126e"},"environment":"GEN_2"},"stages":[{"name":"BUILD","message":"Build in progress","state":"IN_PROGRESS","resource":"projects/411435734882/locations/us-central1/builds/18ce9598-ef6c-4102-97bc-ef3e3131187c","resourceUri":"https://console.cloud.google.com/cloud-build/builds;region=us-central1/18ce9598-ef6c-4102-97bc-ef3e3131187c?project=411435734882"},{"name":"SERVICE","state":"NOT_STARTED"}],"operationType":"CREATE_FUNCTION","buildName":"projects/411435734882/locations/us-central1/builds/18ce9598-ef6c-4102-97bc-ef3e3131187c"},"done":false}
[debug] [2026-07-27T03:26:52.196Z] [create-default-us-central1-checkPendingPassword] Retrying task index 0
[debug] [2026-07-27T03:26:52.196Z] Checked if tokens are valid: true, expires at: 1785124516750
[debug] [2026-07-27T03:26:52.197Z] Checked if tokens are valid: true, expires at: 1785124516750
[debug] [2026-07-27T03:26:52.197Z] >>> [apiv2][query] GET https://cloudfunctions.googleapis.com/v2/projects/lion-e7e25/locations/us-central1/operations/operation-1785122868530-6578f4e758d20-be04219c-15bb2080 [none]
[debug] [2026-07-27T03:26:52.315Z] <<< [apiv2][status] GET https://cloudfunctions.googleapis.com/v2/projects/lion-e7e25/locations/us-central1/operations/operation-1785122868530-6578f4e758bfc-8f07d875-3b8ad724 200
[debug] [2026-07-27T03:26:52.315Z] <<< [apiv2][body] GET https://cloudfunctions.googleapis.com/v2/projects/lion-e7e25/locations/us-central1/operations/operation-1785122868530-6578f4e758bfc-8f07d875-3b8ad724 {"name":"projects/lion-e7e25/locations/us-central1/operations/operation-1785122868530-6578f4e758bfc-8f07d875-3b8ad724","metadata":{"@type":"type.googleapis.com/google.cloud.functions.v2.OperationMetadata","createTime":"2026-07-27T03:27:48.993798616Z","target":"projects/lion-e7e25/locations/us-central1/functions/adminApproveTransaction","verb":"create","cancelRequested":false,"apiVersion":"v2","requestResource":{"@type":"type.googleapis.com/google.cloud.functions.v2.Function","name":"projects/lion-e7e25/locations/us-central1/functions/adminApproveTransaction","buildConfig":{"runtime":"nodejs24","entryPoint":"adminApproveTransaction","source":{"storageSource":{"bucket":"gcf-v2-sources-411435734882-us-central1","object":"adminApproveTransaction/function-source.zip","generation":"1785122868773071"}},"environmentVariables":{"GOOGLE_NODE_RUN_SCRIPTS":""},"serviceAccount":"projects/lion-e7e25/serviceAccounts/411435734882-compute@developer.gserviceaccount.com","automaticUpdatePolicy":{}},"serviceConfig":{"service":"projects/lion-e7e25/locations/us-central1/services/adminapprovetransaction","timeoutSeconds":60,"environmentVariables":{"FIREBASE_CONFIG":"{\"projectId\":\"lion-e7e25\",\"databaseURL\":\"https://lion-e7e25-default-rtdb.firebaseio.com\",\"storageBucket\":\"lion-e7e25.firebasestorage.app\"}","GCLOUD_PROJECT":"lion-e7e25","EVENTARC_CLOUD_EVENT_SOURCE":"projects/lion-e7e25/locations/us-central1/services/adminApproveTransaction","FUNCTION_TARGET":"adminApproveTransaction","LOG_EXECUTION_ID":"true"},"ingressSettings":"ALLOW_ALL","serviceAccountEmail":"411435734882-compute@developer.gserviceaccount.com","availableMemory":"256Mi","maxInstanceRequestConcurrency":80,"availableCpu":"1"},"labels":{"deployment-tool":"cli-firebase","deployment-callable":"true","firebase-functions-hash":"165a4ea733c830275c731091a192864a0491126e"},"environment":"GEN_2"},"stages":[{"name":"BUILD","message":"Build in progress","state":"IN_PROGRESS","resource":"projects/411435734882/locations/us-central1/builds/912a657a-f094-4937-b873-8f76336f4dd2","resourceUri":"https://console.cloud.google.com/cloud-build/builds;region=us-central1/912a657a-f094-4937-b873-8f76336f4dd2?project=411435734882"},{"name":"SERVICE","state":"NOT_STARTED"}],"operationType":"CREATE_FUNCTION","buildName":"projects/411435734882/locations/us-central1/builds/912a657a-f094-4937-b873-8f76336f4dd2"},"done":false}
[debug] [2026-07-27T03:26:52.370Z] <<< [apiv2][status] GET https://cloudfunctions.googleapis.com/v2/projects/lion-e7e25/locations/us-central1/operations/operation-1785122868531-6578f4e759285-f2f148be-673f0926 200
[debug] [2026-07-27T03:26:52.370Z] <<< [apiv2][body] GET https://cloudfunctions.googleapis.com/v2/projects/lion-e7e25/locations/us-central1/operations/operation-1785122868531-6578f4e759285-f2f148be-673f0926 {"name":"projects/lion-e7e25/locations/us-central1/operations/operation-1785122868531-6578f4e759285-f2f148be-673f0926","metadata":{"@type":"type.googleapis.com/google.cloud.functions.v2.OperationMetadata","createTime":"2026-07-27T03:27:48.987256620Z","target":"projects/lion-e7e25/locations/us-central1/functions/processVideoTask","verb":"create","cancelRequested":false,"apiVersion":"v2","requestResource":{"@type":"type.googleapis.com/google.cloud.functions.v2.Function","name":"projects/lion-e7e25/locations/us-central1/functions/processVideoTask","buildConfig":{"runtime":"nodejs24","entryPoint":"processVideoTask","source":{"storageSource":{"bucket":"gcf-v2-sources-411435734882-us-central1","object":"processVideoTask/function-source.zip","generation":"1785122868762309"}},"environmentVariables":{"GOOGLE_NODE_RUN_SCRIPTS":""},"serviceAccount":"projects/lion-e7e25/serviceAccounts/411435734882-compute@developer.gserviceaccount.com","automaticUpdatePolicy":{}},"serviceConfig":{"service":"projects/lion-e7e25/locations/us-central1/services/processvideotask","timeoutSeconds":60,"environmentVariables":{"FIREBASE_CONFIG":"{\"projectId\":\"lion-e7e25\",\"databaseURL\":\"https://lion-e7e25-default-rtdb.firebaseio.com\",\"storageBucket\":\"lion-e7e25.firebasestorage.app\"}","GCLOUD_PROJECT":"lion-e7e25","EVENTARC_CLOUD_EVENT_SOURCE":"projects/lion-e7e25/locations/us-central1/services/processVideoTask","FUNCTION_TARGET":"processVideoTask","LOG_EXECUTION_ID":"true"},"ingressSettings":"ALLOW_ALL","serviceAccountEmail":"411435734882-compute@developer.gserviceaccount.com","availableMemory":"256Mi","maxInstanceRequestConcurrency":80,"availableCpu":"1"},"labels":{"deployment-tool":"cli-firebase","deployment-callable":"true","firebase-functions-hash":"165a4ea733c830275c731091a192864a0491126e"},"environment":"GEN_2"},"stages":[{"name":"BUILD","message":"Build in progress","state":"IN_PROGRESS","resource":"projects/411435734882/locations/us-central1/builds/9f55a9fd-3ba8-48de-83b9-dc0a3de62ffe","resourceUri":"https://console.cloud.google.com/cloud-build/builds;region=us-central1/9f55a9fd-3ba8-48de-83b9-dc0a3de62ffe?project=411435734882"},{"name":"SERVICE","state":"NOT_STARTED"}],"operationType":"CREATE_FUNCTION","buildName":"projects/411435734882/locations/us-central1/builds/9f55a9fd-3ba8-48de-83b9-dc0a3de62ffe"},"done":false}
[debug] [2026-07-27T03:26:52.630Z] <<< [apiv2][status] GET https://cloudfunctions.googleapis.com/v2/projects/lion-e7e25/locations/us-central1/operations/operation-1785122868450-6578f4e7455fa-83551bd4-a72b5905 200
[debug] [2026-07-27T03:26:52.630Z] <<< [apiv2][body] GET https://cloudfunctions.googleapis.com/v2/projects/lion-e7e25/locations/us-central1/operations/operation-1785122868450-6578f4e7455fa-83551bd4-a72b5905 {"name":"projects/lion-e7e25/locations/us-central1/operations/operation-1785122868450-6578f4e7455fa-83551bd4-a72b5905","metadata":{"@type":"type.googleapis.com/google.cloud.functions.v2.OperationMetadata","createTime":"2026-07-27T03:27:48.907744426Z","target":"projects/lion-e7e25/locations/us-central1/functions/submitDeposit","verb":"create","cancelRequested":false,"apiVersion":"v2","requestResource":{"@type":"type.googleapis.com/google.cloud.functions.v2.Function","name":"projects/lion-e7e25/locations/us-central1/functions/submitDeposit","buildConfig":{"runtime":"nodejs24","entryPoint":"submitDeposit","source":{"storageSource":{"bucket":"gcf-v2-sources-411435734882-us-central1","object":"submitDeposit/function-source.zip","generation":"1785122868687659"}},"environmentVariables":{"GOOGLE_NODE_RUN_SCRIPTS":""},"serviceAccount":"projects/lion-e7e25/serviceAccounts/411435734882-compute@developer.gserviceaccount.com","automaticUpdatePolicy":{}},"serviceConfig":{"service":"projects/lion-e7e25/locations/us-central1/services/submitdeposit","timeoutSeconds":60,"environmentVariables":{"FIREBASE_CONFIG":"{\"projectId\":\"lion-e7e25\",\"databaseURL\":\"https://lion-e7e25-default-rtdb.firebaseio.com\",\"storageBucket\":\"lion-e7e25.firebasestorage.app\"}","GCLOUD_PROJECT":"lion-e7e25","EVENTARC_CLOUD_EVENT_SOURCE":"projects/lion-e7e25/locations/us-central1/services/submitDeposit","FUNCTION_TARGET":"submitDeposit","LOG_EXECUTION_ID":"true"},"ingressSettings":"ALLOW_ALL","serviceAccountEmail":"411435734882-compute@developer.gserviceaccount.com","availableMemory":"256Mi","maxInstanceRequestConcurrency":80,"availableCpu":"1"},"labels":{"deployment-tool":"cli-firebase","deployment-callable":"true","firebase-functions-hash":"165a4ea733c830275c731091a192864a0491126e"},"environment":"GEN_2"},"stages":[{"name":"BUILD","message":"Build in progress","state":"IN_PROGRESS","resource":"projects/411435734882/locations/us-central1/builds/17a69e4f-cb6c-45d2-91dd-84e4a4d6c8fa","resourceUri":"https://console.cloud.google.com/cloud-build/builds;region=us-central1/17a69e4f-cb6c-45d2-91dd-84e4a4d6c8fa?project=411435734882"},{"name":"SERVICE","state":"NOT_STARTED"}],"operationType":"CREATE_FUNCTION","buildName":"projects/411435734882/locations/us-central1/builds/17a69e4f-cb6c-45d2-91dd-84e4a4d6c8fa"},"done":false}
[debug] [2026-07-27T03:26:52.875Z] <<< [apiv2][status] GET https://cloudfunctions.googleapis.com/v2/projects/lion-e7e25/locations/us-central1/operations/operation-1785122868530-6578f4e758d20-be04219c-15bb2080 200
[debug] [2026-07-27T03:26:52.875Z] <<< [apiv2][body] GET https://cloudfunctions.googleapis.com/v2/projects/lion-e7e25/locations/us-central1/operations/operation-1785122868530-6578f4e758d20-be04219c-15bb2080 {"name":"projects/lion-e7e25/locations/us-central1/operations/operation-1785122868530-6578f4e758d20-be04219c-15bb2080","metadata":{"@type":"type.googleapis.com/google.cloud.functions.v2.OperationMetadata","createTime":"2026-07-27T03:27:49.049150567Z","target":"projects/lion-e7e25/locations/us-central1/functions/checkPendingPassword","verb":"create","cancelRequested":false,"apiVersion":"v2","requestResource":{"@type":"type.googleapis.com/google.cloud.functions.v2.Function","name":"projects/lion-e7e25/locations/us-central1/functions/checkPendingPassword","buildConfig":{"runtime":"nodejs24","entryPoint":"checkPendingPassword","source":{"storageSource":{"bucket":"gcf-v2-sources-411435734882-us-central1","object":"checkPendingPassword/function-source.zip","generation":"1785122868790167"}},"environmentVariables":{"GOOGLE_NODE_RUN_SCRIPTS":""},"serviceAccount":"projects/lion-e7e25/serviceAccounts/411435734882-compute@developer.gserviceaccount.com","automaticUpdatePolicy":{}},"serviceConfig":{"service":"projects/lion-e7e25/locations/us-central1/services/checkpendingpassword","timeoutSeconds":60,"environmentVariables":{"FIREBASE_CONFIG":"{\"projectId\":\"lion-e7e25\",\"databaseURL\":\"https://lion-e7e25-default-rtdb.firebaseio.com\",\"storageBucket\":\"lion-e7e25.firebasestorage.app\"}","GCLOUD_PROJECT":"lion-e7e25","EVENTARC_CLOUD_EVENT_SOURCE":"projects/lion-e7e25/locations/us-central1/services/checkPendingPassword","FUNCTION_TARGET":"checkPendingPassword","LOG_EXECUTION_ID":"true"},"ingressSettings":"ALLOW_ALL","serviceAccountEmail":"411435734882-compute@developer.gserviceaccount.com","availableMemory":"256Mi","maxInstanceRequestConcurrency":80,"availableCpu":"1"},"labels":{"deployment-tool":"cli-firebase","deployment-callable":"true","firebase-functions-hash":"165a4ea733c830275c731091a192864a0491126e"},"environment":"GEN_2"},"stages":[{"name":"BUILD","message":"Build in progress","state":"IN_PROGRESS","resource":"projects/411435734882/locations/us-central1/builds/931bb83b-6003-4656-82b2-9de600ef47ee","resourceUri":"https://console.cloud.google.com/cloud-build/builds;region=us-central1/931bb83b-6003-4656-82b2-9de600ef47ee?project=411435734882"},{"name":"SERVICE","state":"NOT_STARTED"}],"operationType":"CREATE_FUNCTION","buildName":"projects/411435734882/locations/us-central1/builds/931bb83b-6003-4656-82b2-9de600ef47ee"},"done":false}
[debug] [2026-07-27T03:27:01.292Z] [create-default-us-central1-adminUpdateUserProfile] Retrying task index 0
[debug] [2026-07-27T03:27:01.293Z] Checked if tokens are valid: true, expires at: 1785124516750
[debug] [2026-07-27T03:27:01.293Z] Checked if tokens are valid: true, expires at: 1785124516750
[debug] [2026-07-27T03:27:01.293Z] >>> [apiv2][query] GET https://cloudfunctions.googleapis.com/v2/projects/lion-e7e25/locations/us-central1/operations/operation-1785122868521-6578f4e756b8e-8cb50f62-eb9686ec [none]
[debug] [2026-07-27T03:27:02.146Z] <<< [apiv2][status] GET https://cloudfunctions.googleapis.com/v2/projects/lion-e7e25/locations/us-central1/operations/operation-1785122868521-6578f4e756b8e-8cb50f62-eb9686ec 200
[debug] [2026-07-27T03:27:02.146Z] <<< [apiv2][body] GET https://cloudfunctions.googleapis.com/v2/projects/lion-e7e25/locations/us-central1/operations/operation-1785122868521-6578f4e756b8e-8cb50f62-eb9686ec {"name":"projects/lion-e7e25/locations/us-central1/operations/operation-1785122868521-6578f4e756b8e-8cb50f62-eb9686ec","metadata":{"@type":"type.googleapis.com/google.cloud.functions.v2.OperationMetadata","createTime":"2026-07-27T03:27:49.022354032Z","endTime":"2026-07-27T03:28:28.690957315Z","target":"projects/lion-e7e25/locations/us-central1/functions/adminUpdateUserProfile","verb":"create","cancelRequested":false,"apiVersion":"v2","requestResource":{"@type":"type.googleapis.com/google.cloud.functions.v2.Function","name":"projects/lion-e7e25/locations/us-central1/functions/adminUpdateUserProfile","buildConfig":{"runtime":"nodejs24","entryPoint":"adminUpdateUserProfile","source":{"storageSource":{"bucket":"gcf-v2-sources-411435734882-us-central1","object":"adminUpdateUserProfile/function-source.zip","generation":"1785122868785250"}},"environmentVariables":{"GOOGLE_NODE_RUN_SCRIPTS":""},"serviceAccount":"projects/lion-e7e25/serviceAccounts/411435734882-compute@developer.gserviceaccount.com","automaticUpdatePolicy":{}},"serviceConfig":{"service":"projects/lion-e7e25/locations/us-central1/services/adminupdateuserprofile","timeoutSeconds":60,"environmentVariables":{"FIREBASE_CONFIG":"{\"projectId\":\"lion-e7e25\",\"databaseURL\":\"https://lion-e7e25-default-rtdb.firebaseio.com\",\"storageBucket\":\"lion-e7e25.firebasestorage.app\"}","GCLOUD_PROJECT":"lion-e7e25","EVENTARC_CLOUD_EVENT_SOURCE":"projects/lion-e7e25/locations/us-central1/services/adminUpdateUserProfile","FUNCTION_TARGET":"adminUpdateUserProfile","LOG_EXECUTION_ID":"true"},"ingressSettings":"ALLOW_ALL","serviceAccountEmail":"411435734882-compute@developer.gserviceaccount.com","availableMemory":"256Mi","maxInstanceRequestConcurrency":80,"availableCpu":"1"},"labels":{"deployment-tool":"cli-firebase","deployment-callable":"true","firebase-functions-hash":"165a4ea733c830275c731091a192864a0491126e"},"environment":"GEN_2"},"stages":[{"name":"ARTIFACT_REGISTRY","message":"Deleting function artifacts in Artifact Registry","state":"COMPLETE"},{"name":"SERVICE","message":"Deleting Cloud Run service","state":"COMPLETE","resource":"projects/lion-e7e25/locations/us-central1/services/adminupdateuserprofile"}],"operationType":"CREATE_FUNCTION"},"done":true,"error":{"code":3,"message":"Build failed with status: FAILURE and message: npm error code ERESOLVE\nnpm error ERESOLVE could not resolve\nnpm error\nnpm error While resolving: firebase-functions-test@3.5.0\nnpm error Found: firebase-functions@7.3.2-rc.0\nnpm error node_modules/firebase-functions\nnpm error   firebase-functions@\"^7.3.2-rc.0\" from the root project\nnpm error\nnpm error Could not resolve dependency:\nnpm error peer firebase-functions@\">=4.9.0\" from firebase-functions-test@3.5.0\nnpm error node_modules/firebase-functions-test\nnpm error   dev firebase-functions-test@\"^3.4.1\" from the root project\nnpm error\nnpm error Conflicting peer dependency: firebase-functions@7.3.0\nnpm error node_modules/firebase-functions\nnpm error   peer firebase-functions@\">=4.9.0\" from firebase-functions-test@3.5.0\nnpm error   node_modules/firebase-functions-test\nnpm error     dev firebase-functions-test@\"^3.4.1\" from the root project\nnpm error\nnpm error Fix the upstream dependency conflict, or retry this command with --force or --legacy-peer-deps to accept an incorrect (and potentially broken) dependency resolution.\nnpm error\nnpm error\nnpm error For a full report see:\nnpm error /www-data-home/.npm/_logs/2026-07-27T03_28_03_982Z-eresolve-report.txt\nnpm error A complete log of this run can be found in: /www-data-home/.npm/_logs/2026-07-27T03_28_03_982Z-debug-0.log. For more details see the logs at https://console.cloud.google.com/cloud-build/builds;region=us-central1/27ec3ff3-4a81-4732-a73d-a9fa3b5db5a6?project=411435734882."}}
[debug] [2026-07-27T03:27:02.146Z] Got source token undefined for region us-central1
[error] Build failed with status: FAILURE and message: npm error code ERESOLVE
npm error ERESOLVE could not resolve
npm error
npm error While resolving: firebase-functions-test@3.5.0
npm error Found: firebase-functions@7.3.2-rc.0
npm error node_modules/firebase-functions
npm error   firebase-functions@"^7.3.2-rc.0" from the root project
npm error
npm error Could not resolve dependency:
npm error peer firebase-functions@">=4.9.0" from firebase-functions-test@3.5.0
npm error node_modules/firebase-functions-test
npm error   dev firebase-functions-test@"^3.4.1" from the root project
npm error
npm error Conflicting peer dependency: firebase-functions@7.3.0
npm error node_modules/firebase-functions
npm error   peer firebase-functions@">=4.9.0" from firebase-functions-test@3.5.0
npm error   node_modules/firebase-functions-test
npm error     dev firebase-functions-test@"^3.4.1" from the root project
npm error
npm error Fix the upstream dependency conflict, or retry this command with --force or --legacy-peer-deps to accept an incorrect (and potentially broken) dependency resolution.
npm error
npm error
npm error For a full report see:
npm error /www-data-home/.npm/_logs/2026-07-27T03_28_03_982Z-eresolve-report.txt
npm error A complete log of this run can be found in: /www-data-home/.npm/_logs/2026-07-27T03_28_03_982Z-debug-0.log. For more details see the logs at https://console.cloud.google.com/cloud-build/builds;region=us-central1/27ec3ff3-4a81-4732-a73d-a9fa3b5db5a6?project=411435734882.
[debug] [2026-07-27T03:27:02.183Z] [create-default-us-central1-adminRejectTransaction] Retrying task index 0
[debug] [2026-07-27T03:27:02.183Z] Checked if tokens are valid: true, expires at: 1785124516750
[debug] [2026-07-27T03:27:02.183Z] Checked if tokens are valid: true, expires at: 1785124516750
[debug] [2026-07-27T03:27:02.183Z] >>> [apiv2][query] GET https://cloudfunctions.googleapis.com/v2/projects/lion-e7e25/locations/us-central1/operations/operation-1785122868547-6578f4e75d0ff-7436fc82-b7b96d39 [none]
[debug] [2026-07-27T03:27:02.316Z] [create-default-us-central1-adminApproveTransaction] Retrying task index 0
[debug] [2026-07-27T03:27:02.316Z] Checked if tokens are valid: true, expires at: 1785124516750
[debug] [2026-07-27T03:27:02.316Z] Checked if tokens are valid: true, expires at: 1785124516750
[debug] [2026-07-27T03:27:02.316Z] >>> [apiv2][query] GET https://cloudfunctions.googleapis.com/v2/projects/lion-e7e25/locations/us-central1/operations/operation-1785122868530-6578f4e758bfc-8f07d875-3b8ad724 [none]
[debug] [2026-07-27T03:27:02.372Z] [create-default-us-central1-processVideoTask] Retrying task index 0
[debug] [2026-07-27T03:27:02.373Z] Checked if tokens are valid: true, expires at: 1785124516750
[debug] [2026-07-27T03:27:02.373Z] Checked if tokens are valid: true, expires at: 1785124516750
[debug] [2026-07-27T03:27:02.373Z] >>> [apiv2][query] GET https://cloudfunctions.googleapis.com/v2/projects/lion-e7e25/locations/us-central1/operations/operation-1785122868531-6578f4e759285-f2f148be-673f0926 [none]
[debug] [2026-07-27T03:27:02.631Z] [create-default-us-central1-submitDeposit] Retrying task index 0
[debug] [2026-07-27T03:27:02.631Z] Checked if tokens are valid: true, expires at: 1785124516750
[debug] [2026-07-27T03:27:02.632Z] Checked if tokens are valid: true, expires at: 1785124516750
[debug] [2026-07-27T03:27:02.632Z] >>> [apiv2][query] GET https://cloudfunctions.googleapis.com/v2/projects/lion-e7e25/locations/us-central1/operations/operation-1785122868450-6578f4e7455fa-83551bd4-a72b5905 [none]
[debug] [2026-07-27T03:27:02.877Z] [create-default-us-central1-checkPendingPassword] Retrying task index 0
[debug] [2026-07-27T03:27:02.878Z] Checked if tokens are valid: true, expires at: 1785124516750
[debug] [2026-07-27T03:27:02.878Z] Checked if tokens are valid: true, expires at: 1785124516750
[debug] [2026-07-27T03:27:02.878Z] >>> [apiv2][query] GET https://cloudfunctions.googleapis.com/v2/projects/lion-e7e25/locations/us-central1/operations/operation-1785122868530-6578f4e758d20-be04219c-15bb2080 [none]
[debug] [2026-07-27T03:27:02.888Z] <<< [apiv2][status] GET https://cloudfunctions.googleapis.com/v2/projects/lion-e7e25/locations/us-central1/operations/operation-1785122868547-6578f4e75d0ff-7436fc82-b7b96d39 200
[debug] [2026-07-27T03:27:02.889Z] <<< [apiv2][body] GET https://cloudfunctions.googleapis.com/v2/projects/lion-e7e25/locations/us-central1/operations/operation-1785122868547-6578f4e75d0ff-7436fc82-b7b96d39 {"name":"projects/lion-e7e25/locations/us-central1/operations/operation-1785122868547-6578f4e75d0ff-7436fc82-b7b96d39","metadata":{"@type":"type.googleapis.com/google.cloud.functions.v2.OperationMetadata","createTime":"2026-07-27T03:27:48.991844254Z","target":"projects/lion-e7e25/locations/us-central1/functions/adminRejectTransaction","verb":"create","cancelRequested":false,"apiVersion":"v2","requestResource":{"@type":"type.googleapis.com/google.cloud.functions.v2.Function","name":"projects/lion-e7e25/locations/us-central1/functions/adminRejectTransaction","buildConfig":{"runtime":"nodejs24","entryPoint":"adminRejectTransaction","source":{"storageSource":{"bucket":"gcf-v2-sources-411435734882-us-central1","object":"adminRejectTransaction/function-source.zip","generation":"1785122868783833"}},"environmentVariables":{"GOOGLE_NODE_RUN_SCRIPTS":""},"serviceAccount":"projects/lion-e7e25/serviceAccounts/411435734882-compute@developer.gserviceaccount.com","automaticUpdatePolicy":{}},"serviceConfig":{"service":"projects/lion-e7e25/locations/us-central1/services/adminrejecttransaction","timeoutSeconds":60,"environmentVariables":{"FIREBASE_CONFIG":"{\"projectId\":\"lion-e7e25\",\"databaseURL\":\"https://lion-e7e25-default-rtdb.firebaseio.com\",\"storageBucket\":\"lion-e7e25.firebasestorage.app\"}","GCLOUD_PROJECT":"lion-e7e25","EVENTARC_CLOUD_EVENT_SOURCE":"projects/lion-e7e25/locations/us-central1/services/adminRejectTransaction","FUNCTION_TARGET":"adminRejectTransaction","LOG_EXECUTION_ID":"true"},"ingressSettings":"ALLOW_ALL","serviceAccountEmail":"411435734882-compute@developer.gserviceaccount.com","availableMemory":"256Mi","maxInstanceRequestConcurrency":80,"availableCpu":"1"},"labels":{"deployment-tool":"cli-firebase","deployment-callable":"true","firebase-functions-hash":"165a4ea733c830275c731091a192864a0491126e"},"environment":"GEN_2"},"stages":[{"name":"BUILD","message":"Build in progress","state":"IN_PROGRESS","resource":"projects/411435734882/locations/us-central1/builds/18ce9598-ef6c-4102-97bc-ef3e3131187c","resourceUri":"https://console.cloud.google.com/cloud-build/builds;region=us-central1/18ce9598-ef6c-4102-97bc-ef3e3131187c?project=411435734882"},{"name":"SERVICE","state":"NOT_STARTED"}],"operationType":"CREATE_FUNCTION","buildName":"projects/411435734882/locations/us-central1/builds/18ce9598-ef6c-4102-97bc-ef3e3131187c"},"done":false}
[debug] [2026-07-27T03:27:03.126Z] <<< [apiv2][status] GET https://cloudfunctions.googleapis.com/v2/projects/lion-e7e25/locations/us-central1/operations/operation-1785122868530-6578f4e758bfc-8f07d875-3b8ad724 200
[debug] [2026-07-27T03:27:03.126Z] <<< [apiv2][body] GET https://cloudfunctions.googleapis.com/v2/projects/lion-e7e25/locations/us-central1/operations/operation-1785122868530-6578f4e758bfc-8f07d875-3b8ad724 {"name":"projects/lion-e7e25/locations/us-central1/operations/operation-1785122868530-6578f4e758bfc-8f07d875-3b8ad724","metadata":{"@type":"type.googleapis.com/google.cloud.functions.v2.OperationMetadata","createTime":"2026-07-27T03:27:48.993798616Z","target":"projects/lion-e7e25/locations/us-central1/functions/adminApproveTransaction","verb":"create","cancelRequested":false,"apiVersion":"v2","requestResource":{"@type":"type.googleapis.com/google.cloud.functions.v2.Function","name":"projects/lion-e7e25/locations/us-central1/functions/adminApproveTransaction","buildConfig":{"runtime":"nodejs24","entryPoint":"adminApproveTransaction","source":{"storageSource":{"bucket":"gcf-v2-sources-411435734882-us-central1","object":"adminApproveTransaction/function-source.zip","generation":"1785122868773071"}},"environmentVariables":{"GOOGLE_NODE_RUN_SCRIPTS":""},"serviceAccount":"projects/lion-e7e25/serviceAccounts/411435734882-compute@developer.gserviceaccount.com","automaticUpdatePolicy":{}},"serviceConfig":{"service":"projects/lion-e7e25/locations/us-central1/services/adminapprovetransaction","timeoutSeconds":60,"environmentVariables":{"FIREBASE_CONFIG":"{\"projectId\":\"lion-e7e25\",\"databaseURL\":\"https://lion-e7e25-default-rtdb.firebaseio.com\",\"storageBucket\":\"lion-e7e25.firebasestorage.app\"}","GCLOUD_PROJECT":"lion-e7e25","EVENTARC_CLOUD_EVENT_SOURCE":"projects/lion-e7e25/locations/us-central1/services/adminApproveTransaction","FUNCTION_TARGET":"adminApproveTransaction","LOG_EXECUTION_ID":"true"},"ingressSettings":"ALLOW_ALL","serviceAccountEmail":"411435734882-compute@developer.gserviceaccount.com","availableMemory":"256Mi","maxInstanceRequestConcurrency":80,"availableCpu":"1"},"labels":{"deployment-tool":"cli-firebase","deployment-callable":"true","firebase-functions-hash":"165a4ea733c830275c731091a192864a0491126e"},"environment":"GEN_2"},"stages":[{"name":"BUILD","message":"Build in progress","state":"IN_PROGRESS","resource":"projects/411435734882/locations/us-central1/builds/912a657a-f094-4937-b873-8f76336f4dd2","resourceUri":"https://console.cloud.google.com/cloud-build/builds;region=us-central1/912a657a-f094-4937-b873-8f76336f4dd2?project=411435734882"},{"name":"SERVICE","state":"NOT_STARTED"}],"operationType":"CREATE_FUNCTION","buildName":"projects/411435734882/locations/us-central1/builds/912a657a-f094-4937-b873-8f76336f4dd2"},"done":false}
[debug] [2026-07-27T03:27:03.159Z] <<< [apiv2][status] GET https://cloudfunctions.googleapis.com/v2/projects/lion-e7e25/locations/us-central1/operations/operation-1785122868531-6578f4e759285-f2f148be-673f0926 200
[debug] [2026-07-27T03:27:03.159Z] <<< [apiv2][body] GET https://cloudfunctions.googleapis.com/v2/projects/lion-e7e25/locations/us-central1/operations/operation-1785122868531-6578f4e759285-f2f148be-673f0926 {"name":"projects/lion-e7e25/locations/us-central1/operations/operation-1785122868531-6578f4e759285-f2f148be-673f0926","metadata":{"@type":"type.googleapis.com/google.cloud.functions.v2.OperationMetadata","createTime":"2026-07-27T03:27:48.987256620Z","endTime":"2026-07-27T03:28:27.395053432Z","target":"projects/lion-e7e25/locations/us-central1/functions/processVideoTask","verb":"create","cancelRequested":false,"apiVersion":"v2","requestResource":{"@type":"type.googleapis.com/google.cloud.functions.v2.Function","name":"projects/lion-e7e25/locations/us-central1/functions/processVideoTask","buildConfig":{"runtime":"nodejs24","entryPoint":"processVideoTask","source":{"storageSource":{"bucket":"gcf-v2-sources-411435734882-us-central1","object":"processVideoTask/function-source.zip","generation":"1785122868762309"}},"environmentVariables":{"GOOGLE_NODE_RUN_SCRIPTS":""},"serviceAccount":"projects/lion-e7e25/serviceAccounts/411435734882-compute@developer.gserviceaccount.com","automaticUpdatePolicy":{}},"serviceConfig":{"service":"projects/lion-e7e25/locations/us-central1/services/processvideotask","timeoutSeconds":60,"environmentVariables":{"FIREBASE_CONFIG":"{\"projectId\":\"lion-e7e25\",\"databaseURL\":\"https://lion-e7e25-default-rtdb.firebaseio.com\",\"storageBucket\":\"lion-e7e25.firebasestorage.app\"}","GCLOUD_PROJECT":"lion-e7e25","EVENTARC_CLOUD_EVENT_SOURCE":"projects/lion-e7e25/locations/us-central1/services/processVideoTask","FUNCTION_TARGET":"processVideoTask","LOG_EXECUTION_ID":"true"},"ingressSettings":"ALLOW_ALL","serviceAccountEmail":"411435734882-compute@developer.gserviceaccount.com","availableMemory":"256Mi","maxInstanceRequestConcurrency":80,"availableCpu":"1"},"labels":{"deployment-tool":"cli-firebase","deployment-callable":"true","firebase-functions-hash":"165a4ea733c830275c731091a192864a0491126e"},"environment":"GEN_2"},"stages":[{"name":"ARTIFACT_REGISTRY","message":"Deleting function artifacts in Artifact Registry","state":"COMPLETE"},{"name":"SERVICE","message":"Deleting Cloud Run service","state":"COMPLETE","resource":"projects/lion-e7e25/locations/us-central1/services/processvideotask"}],"operationType":"CREATE_FUNCTION"},"done":true,"error":{"code":3,"message":"Build failed with status: FAILURE and message: npm error code ERESOLVE\nnpm error ERESOLVE could not resolve\nnpm error\nnpm error While resolving: firebase-functions-test@3.5.0\nnpm error Found: firebase-functions@7.3.2-rc.0\nnpm error node_modules/firebase-functions\nnpm error   firebase-functions@\"^7.3.2-rc.0\" from the root project\nnpm error\nnpm error Could not resolve dependency:\nnpm error peer firebase-functions@\">=4.9.0\" from firebase-functions-test@3.5.0\nnpm error node_modules/firebase-functions-test\nnpm error   dev firebase-functions-test@\"^3.4.1\" from the root project\nnpm error\nnpm error Conflicting peer dependency: firebase-functions@7.3.0\nnpm error node_modules/firebase-functions\nnpm error   peer firebase-functions@\">=4.9.0\" from firebase-functions-test@3.5.0\nnpm error   node_modules/firebase-functions-test\nnpm error     dev firebase-functions-test@\"^3.4.1\" from the root project\nnpm error\nnpm error Fix the upstream dependency conflict, or retry this command with --force or --legacy-peer-deps to accept an incorrect (and potentially broken) dependency resolution.\nnpm error\nnpm error\nnpm error For a full report see:\nnpm error /www-data-home/.npm/_logs/2026-07-27T03_28_03_576Z-eresolve-report.txt\nnpm error A complete log of this run can be found in: /www-data-home/.npm/_logs/2026-07-27T03_28_03_576Z-debug-0.log. For more details see the logs at https://console.cloud.google.com/cloud-build/builds;region=us-central1/9f55a9fd-3ba8-48de-83b9-dc0a3de62ffe?project=411435734882."}}
[debug] [2026-07-27T03:27:03.159Z] Got source token undefined for region us-central1
[error] Build failed with status: FAILURE and message: npm error code ERESOLVE
npm error ERESOLVE could not resolve
npm error
npm error While resolving: firebase-functions-test@3.5.0
npm error Found: firebase-functions@7.3.2-rc.0
npm error node_modules/firebase-functions
npm error   firebase-functions@"^7.3.2-rc.0" from the root project
npm error
npm error Could not resolve dependency:
npm error peer firebase-functions@">=4.9.0" from firebase-functions-test@3.5.0
npm error node_modules/firebase-functions-test
npm error   dev firebase-functions-test@"^3.4.1" from the root project
npm error
npm error Conflicting peer dependency: firebase-functions@7.3.0
npm error node_modules/firebase-functions
npm error   peer firebase-functions@">=4.9.0" from firebase-functions-test@3.5.0
npm error   node_modules/firebase-functions-test
npm error     dev firebase-functions-test@"^3.4.1" from the root project
npm error
npm error Fix the upstream dependency conflict, or retry this command with --force or --legacy-peer-deps to accept an incorrect (and potentially broken) dependency resolution.
npm error
npm error
npm error For a full report see:
npm error /www-data-home/.npm/_logs/2026-07-27T03_28_03_576Z-eresolve-report.txt
npm error A complete log of this run can be found in: /www-data-home/.npm/_logs/2026-07-27T03_28_03_576Z-debug-0.log. For more details see the logs at https://console.cloud.google.com/cloud-build/builds;region=us-central1/9f55a9fd-3ba8-48de-83b9-dc0a3de62ffe?project=411435734882.
[debug] [2026-07-27T03:27:03.412Z] <<< [apiv2][status] GET https://cloudfunctions.googleapis.com/v2/projects/lion-e7e25/locations/us-central1/operations/operation-1785122868450-6578f4e7455fa-83551bd4-a72b5905 200
[debug] [2026-07-27T03:27:03.412Z] <<< [apiv2][body] GET https://cloudfunctions.googleapis.com/v2/projects/lion-e7e25/locations/us-central1/operations/operation-1785122868450-6578f4e7455fa-83551bd4-a72b5905 {"name":"projects/lion-e7e25/locations/us-central1/operations/operation-1785122868450-6578f4e7455fa-83551bd4-a72b5905","metadata":{"@type":"type.googleapis.com/google.cloud.functions.v2.OperationMetadata","createTime":"2026-07-27T03:27:48.907744426Z","target":"projects/lion-e7e25/locations/us-central1/functions/submitDeposit","verb":"create","cancelRequested":false,"apiVersion":"v2","requestResource":{"@type":"type.googleapis.com/google.cloud.functions.v2.Function","name":"projects/lion-e7e25/locations/us-central1/functions/submitDeposit","buildConfig":{"runtime":"nodejs24","entryPoint":"submitDeposit","source":{"storageSource":{"bucket":"gcf-v2-sources-411435734882-us-central1","object":"submitDeposit/function-source.zip","generation":"1785122868687659"}},"environmentVariables":{"GOOGLE_NODE_RUN_SCRIPTS":""},"serviceAccount":"projects/lion-e7e25/serviceAccounts/411435734882-compute@developer.gserviceaccount.com","automaticUpdatePolicy":{}},"serviceConfig":{"service":"projects/lion-e7e25/locations/us-central1/services/submitdeposit","timeoutSeconds":60,"environmentVariables":{"FIREBASE_CONFIG":"{\"projectId\":\"lion-e7e25\",\"databaseURL\":\"https://lion-e7e25-default-rtdb.firebaseio.com\",\"storageBucket\":\"lion-e7e25.firebasestorage.app\"}","GCLOUD_PROJECT":"lion-e7e25","EVENTARC_CLOUD_EVENT_SOURCE":"projects/lion-e7e25/locations/us-central1/services/submitDeposit","FUNCTION_TARGET":"submitDeposit","LOG_EXECUTION_ID":"true"},"ingressSettings":"ALLOW_ALL","serviceAccountEmail":"411435734882-compute@developer.gserviceaccount.com","availableMemory":"256Mi","maxInstanceRequestConcurrency":80,"availableCpu":"1"},"labels":{"deployment-tool":"cli-firebase","deployment-callable":"true","firebase-functions-hash":"165a4ea733c830275c731091a192864a0491126e"},"environment":"GEN_2"},"stages":[{"name":"BUILD","message":"Build in progress","state":"IN_PROGRESS","resource":"projects/411435734882/locations/us-central1/builds/17a69e4f-cb6c-45d2-91dd-84e4a4d6c8fa","resourceUri":"https://console.cloud.google.com/cloud-build/builds;region=us-central1/17a69e4f-cb6c-45d2-91dd-84e4a4d6c8fa?project=411435734882"},{"name":"SERVICE","state":"NOT_STARTED"}],"operationType":"CREATE_FUNCTION","buildName":"projects/411435734882/locations/us-central1/builds/17a69e4f-cb6c-45d2-91dd-84e4a4d6c8fa"},"done":false}
[debug] [2026-07-27T03:27:03.641Z] <<< [apiv2][status] GET https://cloudfunctions.googleapis.com/v2/projects/lion-e7e25/locations/us-central1/operations/operation-1785122868530-6578f4e758d20-be04219c-15bb2080 200
[debug] [2026-07-27T03:27:03.641Z] <<< [apiv2][body] GET https://cloudfunctions.googleapis.com/v2/projects/lion-e7e25/locations/us-central1/operations/operation-1785122868530-6578f4e758d20-be04219c-15bb2080 {"name":"projects/lion-e7e25/locations/us-central1/operations/operation-1785122868530-6578f4e758d20-be04219c-15bb2080","metadata":{"@type":"type.googleapis.com/google.cloud.functions.v2.OperationMetadata","createTime":"2026-07-27T03:27:49.049150567Z","endTime":"2026-07-27T03:28:29.518805982Z","target":"projects/lion-e7e25/locations/us-central1/functions/checkPendingPassword","verb":"create","cancelRequested":false,"apiVersion":"v2","requestResource":{"@type":"type.googleapis.com/google.cloud.functions.v2.Function","name":"projects/lion-e7e25/locations/us-central1/functions/checkPendingPassword","buildConfig":{"runtime":"nodejs24","entryPoint":"checkPendingPassword","source":{"storageSource":{"bucket":"gcf-v2-sources-411435734882-us-central1","object":"checkPendingPassword/function-source.zip","generation":"1785122868790167"}},"environmentVariables":{"GOOGLE_NODE_RUN_SCRIPTS":""},"serviceAccount":"projects/lion-e7e25/serviceAccounts/411435734882-compute@developer.gserviceaccount.com","automaticUpdatePolicy":{}},"serviceConfig":{"service":"projects/lion-e7e25/locations/us-central1/services/checkpendingpassword","timeoutSeconds":60,"environmentVariables":{"FIREBASE_CONFIG":"{\"projectId\":\"lion-e7e25\",\"databaseURL\":\"https://lion-e7e25-default-rtdb.firebaseio.com\",\"storageBucket\":\"lion-e7e25.firebasestorage.app\"}","GCLOUD_PROJECT":"lion-e7e25","EVENTARC_CLOUD_EVENT_SOURCE":"projects/lion-e7e25/locations/us-central1/services/checkPendingPassword","FUNCTION_TARGET":"checkPendingPassword","LOG_EXECUTION_ID":"true"},"ingressSettings":"ALLOW_ALL","serviceAccountEmail":"411435734882-compute@developer.gserviceaccount.com","availableMemory":"256Mi","maxInstanceRequestConcurrency":80,"availableCpu":"1"},"labels":{"deployment-tool":"cli-firebase","deployment-callable":"true","firebase-functions-hash":"165a4ea733c830275c731091a192864a0491126e"},"environment":"GEN_2"},"stages":[{"name":"ARTIFACT_REGISTRY","message":"Deleting function artifacts in Artifact Registry","state":"COMPLETE"},{"name":"SERVICE","message":"Deleting Cloud Run service","state":"COMPLETE","resource":"projects/lion-e7e25/locations/us-central1/services/checkpendingpassword"}],"operationType":"CREATE_FUNCTION"},"done":true,"error":{"code":3,"message":"Build failed with status: FAILURE and message: npm error code ERESOLVE\nnpm error ERESOLVE could not resolve\nnpm error\nnpm error While resolving: firebase-functions-test@3.5.0\nnpm error Found: firebase-functions@7.3.2-rc.0\nnpm error node_modules/firebase-functions\nnpm error   firebase-functions@\"^7.3.2-rc.0\" from the root project\nnpm error\nnpm error Could not resolve dependency:\nnpm error peer firebase-functions@\">=4.9.0\" from firebase-functions-test@3.5.0\nnpm error node_modules/firebase-functions-test\nnpm error   dev firebase-functions-test@\"^3.4.1\" from the root project\nnpm error\nnpm error Conflicting peer dependency: firebase-functions@7.3.0\nnpm error node_modules/firebase-functions\nnpm error   peer firebase-functions@\">=4.9.0\" from firebase-functions-test@3.5.0\nnpm error   node_modules/firebase-functions-test\nnpm error     dev firebase-functions-test@\"^3.4.1\" from the root project\nnpm error\nnpm error Fix the upstream dependency conflict, or retry this command with --force or --legacy-peer-deps to accept an incorrect (and potentially broken) dependency resolution.\nnpm error\nnpm error\nnpm error For a full report see:\nnpm error /www-data-home/.npm/_logs/2026-07-27T03_28_04_873Z-eresolve-report.txt\nnpm error A complete log of this run can be found in: /www-data-home/.npm/_logs/2026-07-27T03_28_04_873Z-debug-0.log. For more details see the logs at https://console.cloud.google.com/cloud-build/builds;region=us-central1/931bb83b-6003-4656-82b2-9de600ef47ee?project=411435734882."}}
[debug] [2026-07-27T03:27:03.641Z] Got source token undefined for region us-central1
[error] Build failed with status: FAILURE and message: npm error code ERESOLVE
npm error ERESOLVE could not resolve
npm error
npm error While resolving: firebase-functions-test@3.5.0
npm error Found: firebase-functions@7.3.2-rc.0
npm error node_modules/firebase-functions
npm error   firebase-functions@"^7.3.2-rc.0" from the root project
npm error
npm error Could not resolve dependency:
npm error peer firebase-functions@">=4.9.0" from firebase-functions-test@3.5.0
npm error node_modules/firebase-functions-test
npm error   dev firebase-functions-test@"^3.4.1" from the root project
npm error
npm error Conflicting peer dependency: firebase-functions@7.3.0
npm error node_modules/firebase-functions
npm error   peer firebase-functions@">=4.9.0" from firebase-functions-test@3.5.0
npm error   node_modules/firebase-functions-test
npm error     dev firebase-functions-test@"^3.4.1" from the root project
npm error
npm error Fix the upstream dependency conflict, or retry this command with --force or --legacy-peer-deps to accept an incorrect (and potentially broken) dependency resolution.
npm error
npm error
npm error For a full report see:
npm error /www-data-home/.npm/_logs/2026-07-27T03_28_04_873Z-eresolve-report.txt
npm error A complete log of this run can be found in: /www-data-home/.npm/_logs/2026-07-27T03_28_04_873Z-debug-0.log. For more details see the logs at https://console.cloud.google.com/cloud-build/builds;region=us-central1/931bb83b-6003-4656-82b2-9de600ef47ee?project=411435734882.
[debug] [2026-07-27T03:27:12.890Z] [create-default-us-central1-adminRejectTransaction] Retrying task index 0
[debug] [2026-07-27T03:27:12.891Z] Checked if tokens are valid: true, expires at: 1785124516750
[debug] [2026-07-27T03:27:12.891Z] Checked if tokens are valid: true, expires at: 1785124516750
[debug] [2026-07-27T03:27:12.891Z] >>> [apiv2][query] GET https://cloudfunctions.googleapis.com/v2/projects/lion-e7e25/locations/us-central1/operations/operation-1785122868547-6578f4e75d0ff-7436fc82-b7b96d39 [none]
[debug] [2026-07-27T03:27:13.128Z] [create-default-us-central1-adminApproveTransaction] Retrying task index 0
[debug] [2026-07-27T03:27:13.128Z] Checked if tokens are valid: true, expires at: 1785124516750
[debug] [2026-07-27T03:27:13.128Z] Checked if tokens are valid: true, expires at: 1785124516750
[debug] [2026-07-27T03:27:13.128Z] >>> [apiv2][query] GET https://cloudfunctions.googleapis.com/v2/projects/lion-e7e25/locations/us-central1/operations/operation-1785122868530-6578f4e758bfc-8f07d875-3b8ad724 [none]
[debug] [2026-07-27T03:27:13.413Z] [create-default-us-central1-submitDeposit] Retrying task index 0
[debug] [2026-07-27T03:27:13.413Z] Checked if tokens are valid: true, expires at: 1785124516750
[debug] [2026-07-27T03:27:13.413Z] Checked if tokens are valid: true, expires at: 1785124516750
[debug] [2026-07-27T03:27:13.413Z] >>> [apiv2][query] GET https://cloudfunctions.googleapis.com/v2/projects/lion-e7e25/locations/us-central1/operations/operation-1785122868450-6578f4e7455fa-83551bd4-a72b5905 [none]
[debug] [2026-07-27T03:27:13.678Z] <<< [apiv2][status] GET https://cloudfunctions.googleapis.com/v2/projects/lion-e7e25/locations/us-central1/operations/operation-1785122868547-6578f4e75d0ff-7436fc82-b7b96d39 200
[debug] [2026-07-27T03:27:13.678Z] <<< [apiv2][body] GET https://cloudfunctions.googleapis.com/v2/projects/lion-e7e25/locations/us-central1/operations/operation-1785122868547-6578f4e75d0ff-7436fc82-b7b96d39 {"name":"projects/lion-e7e25/locations/us-central1/operations/operation-1785122868547-6578f4e75d0ff-7436fc82-b7b96d39","metadata":{"@type":"type.googleapis.com/google.cloud.functions.v2.OperationMetadata","createTime":"2026-07-27T03:27:48.991844254Z","endTime":"2026-07-27T03:28:30.970490296Z","target":"projects/lion-e7e25/locations/us-central1/functions/adminRejectTransaction","verb":"create","cancelRequested":false,"apiVersion":"v2","requestResource":{"@type":"type.googleapis.com/google.cloud.functions.v2.Function","name":"projects/lion-e7e25/locations/us-central1/functions/adminRejectTransaction","buildConfig":{"runtime":"nodejs24","entryPoint":"adminRejectTransaction","source":{"storageSource":{"bucket":"gcf-v2-sources-411435734882-us-central1","object":"adminRejectTransaction/function-source.zip","generation":"1785122868783833"}},"environmentVariables":{"GOOGLE_NODE_RUN_SCRIPTS":""},"serviceAccount":"projects/lion-e7e25/serviceAccounts/411435734882-compute@developer.gserviceaccount.com","automaticUpdatePolicy":{}},"serviceConfig":{"service":"projects/lion-e7e25/locations/us-central1/services/adminrejecttransaction","timeoutSeconds":60,"environmentVariables":{"FIREBASE_CONFIG":"{\"projectId\":\"lion-e7e25\",\"databaseURL\":\"https://lion-e7e25-default-rtdb.firebaseio.com\",\"storageBucket\":\"lion-e7e25.firebasestorage.app\"}","GCLOUD_PROJECT":"lion-e7e25","EVENTARC_CLOUD_EVENT_SOURCE":"projects/lion-e7e25/locations/us-central1/services/adminRejectTransaction","FUNCTION_TARGET":"adminRejectTransaction","LOG_EXECUTION_ID":"true"},"ingressSettings":"ALLOW_ALL","serviceAccountEmail":"411435734882-compute@developer.gserviceaccount.com","availableMemory":"256Mi","maxInstanceRequestConcurrency":80,"availableCpu":"1"},"labels":{"deployment-tool":"cli-firebase","deployment-callable":"true","firebase-functions-hash":"165a4ea733c830275c731091a192864a0491126e"},"environment":"GEN_2"},"stages":[{"name":"ARTIFACT_REGISTRY","message":"Deleting function artifacts in Artifact Registry","state":"COMPLETE"},{"name":"SERVICE","message":"Deleting Cloud Run service","state":"COMPLETE","resource":"projects/lion-e7e25/locations/us-central1/services/adminrejecttransaction"}],"operationType":"CREATE_FUNCTION"},"done":true,"error":{"code":3,"message":"Build failed with status: FAILURE and message: npm error code ERESOLVE\nnpm error ERESOLVE could not resolve\nnpm error\nnpm error While resolving: firebase-functions-test@3.5.0\nnpm error Found: firebase-functions@7.3.2-rc.0\nnpm error node_modules/firebase-functions\nnpm error   firebase-functions@\"^7.3.2-rc.0\" from the root project\nnpm error\nnpm error Could not resolve dependency:\nnpm error peer firebase-functions@\">=4.9.0\" from firebase-functions-test@3.5.0\nnpm error node_modules/firebase-functions-test\nnpm error   dev firebase-functions-test@\"^3.4.1\" from the root project\nnpm error\nnpm error Conflicting peer dependency: firebase-functions@7.3.0\nnpm error node_modules/firebase-functions\nnpm error   peer firebase-functions@\">=4.9.0\" from firebase-functions-test@3.5.0\nnpm error   node_modules/firebase-functions-test\nnpm error     dev firebase-functions-test@\"^3.4.1\" from the root project\nnpm error\nnpm error Fix the upstream dependency conflict, or retry this command with --force or --legacy-peer-deps to accept an incorrect (and potentially broken) dependency resolution.\nnpm error\nnpm error\nnpm error For a full report see:\nnpm error /www-data-home/.npm/_logs/2026-07-27T03_28_03_098Z-eresolve-report.txt\nnpm error A complete log of this run can be found in: /www-data-home/.npm/_logs/2026-07-27T03_28_03_098Z-debug-0.log. For more details see the logs at https://console.cloud.google.com/cloud-build/builds;region=us-central1/18ce9598-ef6c-4102-97bc-ef3e3131187c?project=411435734882."}}
[debug] [2026-07-27T03:27:13.678Z] Got source token undefined for region us-central1
[error] Build failed with status: FAILURE and message: npm error code ERESOLVE
npm error ERESOLVE could not resolve
npm error
npm error While resolving: firebase-functions-test@3.5.0
npm error Found: firebase-functions@7.3.2-rc.0
npm error node_modules/firebase-functions
npm error   firebase-functions@"^7.3.2-rc.0" from the root project
npm error
npm error Could not resolve dependency:
npm error peer firebase-functions@">=4.9.0" from firebase-functions-test@3.5.0
npm error node_modules/firebase-functions-test
npm error   dev firebase-functions-test@"^3.4.1" from the root project
npm error
npm error Conflicting peer dependency: firebase-functions@7.3.0
npm error node_modules/firebase-functions
npm error   peer firebase-functions@">=4.9.0" from firebase-functions-test@3.5.0
npm error   node_modules/firebase-functions-test
npm error     dev firebase-functions-test@"^3.4.1" from the root project
npm error
npm error Fix the upstream dependency conflict, or retry this command with --force or --legacy-peer-deps to accept an incorrect (and potentially broken) dependency resolution.
npm error
npm error
npm error For a full report see:
npm error /www-data-home/.npm/_logs/2026-07-27T03_28_03_098Z-eresolve-report.txt
npm error A complete log of this run can be found in: /www-data-home/.npm/_logs/2026-07-27T03_28_03_098Z-debug-0.log. For more details see the logs at https://console.cloud.google.com/cloud-build/builds;region=us-central1/18ce9598-ef6c-4102-97bc-ef3e3131187c?project=411435734882.
[debug] [2026-07-27T03:27:13.998Z] <<< [apiv2][status] GET https://cloudfunctions.googleapis.com/v2/projects/lion-e7e25/locations/us-central1/operations/operation-1785122868530-6578f4e758bfc-8f07d875-3b8ad724 200
[debug] [2026-07-27T03:27:13.998Z] <<< [apiv2][body] GET https://cloudfunctions.googleapis.com/v2/projects/lion-e7e25/locations/us-central1/operations/operation-1785122868530-6578f4e758bfc-8f07d875-3b8ad724 {"name":"projects/lion-e7e25/locations/us-central1/operations/operation-1785122868530-6578f4e758bfc-8f07d875-3b8ad724","metadata":{"@type":"type.googleapis.com/google.cloud.functions.v2.OperationMetadata","createTime":"2026-07-27T03:27:48.993798616Z","endTime":"2026-07-27T03:28:36.671147087Z","target":"projects/lion-e7e25/locations/us-central1/functions/adminApproveTransaction","verb":"create","cancelRequested":false,"apiVersion":"v2","requestResource":{"@type":"type.googleapis.com/google.cloud.functions.v2.Function","name":"projects/lion-e7e25/locations/us-central1/functions/adminApproveTransaction","buildConfig":{"runtime":"nodejs24","entryPoint":"adminApproveTransaction","source":{"storageSource":{"bucket":"gcf-v2-sources-411435734882-us-central1","object":"adminApproveTransaction/function-source.zip","generation":"1785122868773071"}},"environmentVariables":{"GOOGLE_NODE_RUN_SCRIPTS":""},"serviceAccount":"projects/lion-e7e25/serviceAccounts/411435734882-compute@developer.gserviceaccount.com","automaticUpdatePolicy":{}},"serviceConfig":{"service":"projects/lion-e7e25/locations/us-central1/services/adminapprovetransaction","timeoutSeconds":60,"environmentVariables":{"FIREBASE_CONFIG":"{\"projectId\":\"lion-e7e25\",\"databaseURL\":\"https://lion-e7e25-default-rtdb.firebaseio.com\",\"storageBucket\":\"lion-e7e25.firebasestorage.app\"}","GCLOUD_PROJECT":"lion-e7e25","EVENTARC_CLOUD_EVENT_SOURCE":"projects/lion-e7e25/locations/us-central1/services/adminApproveTransaction","FUNCTION_TARGET":"adminApproveTransaction","LOG_EXECUTION_ID":"true"},"ingressSettings":"ALLOW_ALL","serviceAccountEmail":"411435734882-compute@developer.gserviceaccount.com","availableMemory":"256Mi","maxInstanceRequestConcurrency":80,"availableCpu":"1"},"labels":{"deployment-tool":"cli-firebase","deployment-callable":"true","firebase-functions-hash":"165a4ea733c830275c731091a192864a0491126e"},"environment":"GEN_2"},"stages":[{"name":"ARTIFACT_REGISTRY","message":"Deleting function artifacts in Artifact Registry","state":"COMPLETE"},{"name":"SERVICE","message":"Deleting Cloud Run service","state":"COMPLETE","resource":"projects/lion-e7e25/locations/us-central1/services/adminapprovetransaction"}],"operationType":"CREATE_FUNCTION"},"done":true,"error":{"code":3,"message":"Build failed with status: FAILURE and message: npm error code ERESOLVE\nnpm error ERESOLVE could not resolve\nnpm error\nnpm error While resolving: firebase-functions-test@3.5.0\nnpm error Found: firebase-functions@7.3.2-rc.0\nnpm error node_modules/firebase-functions\nnpm error   firebase-functions@\"^7.3.2-rc.0\" from the root project\nnpm error\nnpm error Could not resolve dependency:\nnpm error peer firebase-functions@\">=4.9.0\" from firebase-functions-test@3.5.0\nnpm error node_modules/firebase-functions-test\nnpm error   dev firebase-functions-test@\"^3.4.1\" from the root project\nnpm error\nnpm error Conflicting peer dependency: firebase-functions@7.3.0\nnpm error node_modules/firebase-functions\nnpm error   peer firebase-functions@\">=4.9.0\" from firebase-functions-test@3.5.0\nnpm error   node_modules/firebase-functions-test\nnpm error     dev firebase-functions-test@\"^3.4.1\" from the root project\nnpm error\nnpm error Fix the upstream dependency conflict, or retry this command with --force or --legacy-peer-deps to accept an incorrect (and potentially broken) dependency resolution.\nnpm error\nnpm error\nnpm error For a full report see:\nnpm error /www-data-home/.npm/_logs/2026-07-27T03_28_04_078Z-eresolve-report.txt\nnpm error A complete log of this run can be found in: /www-data-home/.npm/_logs/2026-07-27T03_28_04_078Z-debug-0.log. For more details see the logs at https://console.cloud.google.com/cloud-build/builds;region=us-central1/912a657a-f094-4937-b873-8f76336f4dd2?project=411435734882."}}
[debug] [2026-07-27T03:27:13.998Z] Got source token undefined for region us-central1
[error] Build failed with status: FAILURE and message: npm error code ERESOLVE
npm error ERESOLVE could not resolve
npm error
npm error While resolving: firebase-functions-test@3.5.0
npm error Found: firebase-functions@7.3.2-rc.0
npm error node_modules/firebase-functions
npm error   firebase-functions@"^7.3.2-rc.0" from the root project
npm error
npm error Could not resolve dependency:
npm error peer firebase-functions@">=4.9.0" from firebase-functions-test@3.5.0
npm error node_modules/firebase-functions-test
npm error   dev firebase-functions-test@"^3.4.1" from the root project
npm error
npm error Conflicting peer dependency: firebase-functions@7.3.0
npm error node_modules/firebase-functions
npm error   peer firebase-functions@">=4.9.0" from firebase-functions-test@3.5.0
npm error   node_modules/firebase-functions-test
npm error     dev firebase-functions-test@"^3.4.1" from the root project
npm error
npm error Fix the upstream dependency conflict, or retry this command with --force or --legacy-peer-deps to accept an incorrect (and potentially broken) dependency resolution.
npm error
npm error
npm error For a full report see:
npm error /www-data-home/.npm/_logs/2026-07-27T03_28_04_078Z-eresolve-report.txt
npm error A complete log of this run can be found in: /www-data-home/.npm/_logs/2026-07-27T03_28_04_078Z-debug-0.log. For more details see the logs at https://console.cloud.google.com/cloud-build/builds;region=us-central1/912a657a-f094-4937-b873-8f76336f4dd2?project=411435734882.
[debug] [2026-07-27T03:27:14.205Z] <<< [apiv2][status] GET https://cloudfunctions.googleapis.com/v2/projects/lion-e7e25/locations/us-central1/operations/operation-1785122868450-6578f4e7455fa-83551bd4-a72b5905 200
[debug] [2026-07-27T03:27:14.205Z] <<< [apiv2][body] GET https://cloudfunctions.googleapis.com/v2/projects/lion-e7e25/locations/us-central1/operations/operation-1785122868450-6578f4e7455fa-83551bd4-a72b5905 {"name":"projects/lion-e7e25/locations/us-central1/operations/operation-1785122868450-6578f4e7455fa-83551bd4-a72b5905","metadata":{"@type":"type.googleapis.com/google.cloud.functions.v2.OperationMetadata","createTime":"2026-07-27T03:27:48.907744426Z","endTime":"2026-07-27T03:28:37.403922331Z","target":"projects/lion-e7e25/locations/us-central1/functions/submitDeposit","verb":"create","cancelRequested":false,"apiVersion":"v2","requestResource":{"@type":"type.googleapis.com/google.cloud.functions.v2.Function","name":"projects/lion-e7e25/locations/us-central1/functions/submitDeposit","buildConfig":{"runtime":"nodejs24","entryPoint":"submitDeposit","source":{"storageSource":{"bucket":"gcf-v2-sources-411435734882-us-central1","object":"submitDeposit/function-source.zip","generation":"1785122868687659"}},"environmentVariables":{"GOOGLE_NODE_RUN_SCRIPTS":""},"serviceAccount":"projects/lion-e7e25/serviceAccounts/411435734882-compute@developer.gserviceaccount.com","automaticUpdatePolicy":{}},"serviceConfig":{"service":"projects/lion-e7e25/locations/us-central1/services/submitdeposit","timeoutSeconds":60,"environmentVariables":{"FIREBASE_CONFIG":"{\"projectId\":\"lion-e7e25\",\"databaseURL\":\"https://lion-e7e25-default-rtdb.firebaseio.com\",\"storageBucket\":\"lion-e7e25.firebasestorage.app\"}","GCLOUD_PROJECT":"lion-e7e25","EVENTARC_CLOUD_EVENT_SOURCE":"projects/lion-e7e25/locations/us-central1/services/submitDeposit","FUNCTION_TARGET":"submitDeposit","LOG_EXECUTION_ID":"true"},"ingressSettings":"ALLOW_ALL","serviceAccountEmail":"411435734882-compute@developer.gserviceaccount.com","availableMemory":"256Mi","maxInstanceRequestConcurrency":80,"availableCpu":"1"},"labels":{"deployment-tool":"cli-firebase","deployment-callable":"true","firebase-functions-hash":"165a4ea733c830275c731091a192864a0491126e"},"environment":"GEN_2"},"stages":[{"name":"ARTIFACT_REGISTRY","message":"Deleting function artifacts in Artifact Registry","state":"COMPLETE"},{"name":"SERVICE","message":"Deleting Cloud Run service","state":"COMPLETE","resource":"projects/lion-e7e25/locations/us-central1/services/submitdeposit"}],"operationType":"CREATE_FUNCTION"},"done":true,"error":{"code":3,"message":"Build failed with status: FAILURE and message: npm error code ERESOLVE\nnpm error ERESOLVE could not resolve\nnpm error\nnpm error While resolving: firebase-functions-test@3.5.0\nnpm error Found: firebase-functions@7.3.2-rc.0\nnpm error node_modules/firebase-functions\nnpm error   firebase-functions@\"^7.3.2-rc.0\" from the root project\nnpm error\nnpm error Could not resolve dependency:\nnpm error peer firebase-functions@\">=4.9.0\" from firebase-functions-test@3.5.0\nnpm error node_modules/firebase-functions-test\nnpm error   dev firebase-functions-test@\"^3.4.1\" from the root project\nnpm error\nnpm error Conflicting peer dependency: firebase-functions@7.3.0\nnpm error node_modules/firebase-functions\nnpm error   peer firebase-functions@\">=4.9.0\" from firebase-functions-test@3.5.0\nnpm error   node_modules/firebase-functions-test\nnpm error     dev firebase-functions-test@\"^3.4.1\" from the root project\nnpm error\nnpm error Fix the upstream dependency conflict, or retry this command with --force or --legacy-peer-deps to accept an incorrect (and potentially broken) dependency resolution.\nnpm error\nnpm error\nnpm error For a full report see:\nnpm error /www-data-home/.npm/_logs/2026-07-27T03_28_02_753Z-eresolve-report.txt\nnpm error A complete log of this run can be found in: /www-data-home/.npm/_logs/2026-07-27T03_28_02_753Z-debug-0.log. For more details see the logs at https://console.cloud.google.com/cloud-build/builds;region=us-central1/17a69e4f-cb6c-45d2-91dd-84e4a4d6c8fa?project=411435734882."}}
[debug] [2026-07-27T03:27:14.205Z] Got source token undefined for region us-central1
[error] Build failed with status: FAILURE and message: npm error code ERESOLVE
npm error ERESOLVE could not resolve
npm error
npm error While resolving: firebase-functions-test@3.5.0
npm error Found: firebase-functions@7.3.2-rc.0
npm error node_modules/firebase-functions
npm error   firebase-functions@"^7.3.2-rc.0" from the root project
npm error
npm error Could not resolve dependency:
npm error peer firebase-functions@">=4.9.0" from firebase-functions-test@3.5.0
npm error node_modules/firebase-functions-test
npm error   dev firebase-functions-test@"^3.4.1" from the root project
npm error
npm error Conflicting peer dependency: firebase-functions@7.3.0
npm error node_modules/firebase-functions
npm error   peer firebase-functions@">=4.9.0" from firebase-functions-test@3.5.0
npm error   node_modules/firebase-functions-test
npm error     dev firebase-functions-test@"^3.4.1" from the root project
npm error
npm error Fix the upstream dependency conflict, or retry this command with --force or --legacy-peer-deps to accept an incorrect (and potentially broken) dependency resolution.
npm error
npm error
npm error For a full report see:
npm error /www-data-home/.npm/_logs/2026-07-27T03_28_02_753Z-eresolve-report.txt
npm error A complete log of this run can be found in: /www-data-home/.npm/_logs/2026-07-27T03_28_02_753Z-debug-0.log. For more details see the logs at https://console.cloud.google.com/cloud-build/builds;region=us-central1/17a69e4f-cb6c-45d2-91dd-84e4a4d6c8fa?project=411435734882.
[warn] !  functions: Deploys failed. Skipping deletes. 
[debug] [2026-07-27T03:27:14.211Z] Total Function Deployment time: 173400
[debug] [2026-07-27T03:27:14.211Z] 7 Functions Deployed
[debug] [2026-07-27T03:27:14.211Z] 7 Functions Errored
[debug] [2026-07-27T03:27:14.211Z] 0 Function Deployments Aborted
[debug] [2026-07-27T03:27:14.211Z] Average Function Deployment time: 160886.7142857143
[info] 
[info] Functions deploy had errors with the following functions:
	adminApproveTransaction(us-central1)
	adminRejectTransaction(us-central1)
	adminUpdateUserProfile(us-central1)
	checkPendingPassword(us-central1)
	processVideoTask(us-central1)
	submitDeposit(us-central1)
	submitWithdraw(us-central1)
[debug] [2026-07-27T03:27:14.391Z] Checked if tokens are valid: true, expires at: 1785124516750
[debug] [2026-07-27T03:27:14.391Z] Checked if tokens are valid: true, expires at: 1785124516750
[debug] [2026-07-27T03:27:14.391Z] >>> [apiv2][query] GET https://artifactregistry.googleapis.com/v1/projects/lion-e7e25/locations/us-central1/repositories/gcf-artifacts [none]
[debug] [2026-07-27T03:27:14.749Z] <<< [apiv2][status] GET https://artifactregistry.googleapis.com/v1/projects/lion-e7e25/locations/us-central1/repositories/gcf-artifacts 200
[debug] [2026-07-27T03:27:14.749Z] <<< [apiv2][body] GET https://artifactregistry.googleapis.com/v1/projects/lion-e7e25/locations/us-central1/repositories/gcf-artifacts {"name":"projects/lion-e7e25/locations/us-central1/repositories/gcf-artifacts","format":"DOCKER","description":"This repository is created and used by Cloud Functions for storing function docker images.","labels":{"goog-managed-by":"cloudfunctions"},"createTime":"2026-07-27T03:27:00.874518Z","updateTime":"2026-07-27T03:27:00.874518Z","mode":"STANDARD_REPOSITORY","vulnerabilityScanningConfig":{"lastEnableTime":"2026-07-27T03:26:48.419110004Z","enablementState":"SCANNING_DISABLED","enablementStateReason":"API containerscanning.googleapis.com is not enabled."},"satisfiesPzi":true,"registryUri":"us-central1-docker.pkg.dev/lion-e7e25/gcf-artifacts"}
[warn] !  functions: No cleanup policy detected for repositories in us-central1. This may result in a small monthly bill as container images accumulate over time. 
[info] i  functions: Configuring cleanup policy for repository in us-central1. Images older than 7 days will be automatically deleted. 
[debug] [2026-07-27T03:28:14.093Z] Setting up artifact cleanup policy for region us-central1
[debug] [2026-07-27T03:28:14.094Z] Checked if tokens are valid: true, expires at: 1785124516750
[debug] [2026-07-27T03:28:14.094Z] Checked if tokens are valid: true, expires at: 1785124516750
[debug] [2026-07-27T03:28:14.095Z] >>> [apiv2][query] PATCH https://artifactregistry.googleapis.com/v1/projects/lion-e7e25/locations/us-central1/repositories/gcf-artifacts updateMask=name%2CcleanupPolicies%2CcleanupPolicyDryRun%2Clabels
[debug] [2026-07-27T03:28:14.095Z] >>> [apiv2][body] PATCH https://artifactregistry.googleapis.com/v1/projects/lion-e7e25/locations/us-central1/repositories/gcf-artifacts {"name":"projects/lion-e7e25/locations/us-central1/repositories/gcf-artifacts","cleanupPolicies":{"firebase-functions-cleanup":{"id":"firebase-functions-cleanup","condition":{"tagState":"ANY","olderThan":"604800s"},"action":"DELETE"}},"cleanupPolicyDryRun":false,"labels":{"goog-managed-by":"cloudfunctions"}}
[debug] [2026-07-27T03:28:14.976Z] <<< [apiv2][status] PATCH https://artifactregistry.googleapis.com/v1/projects/lion-e7e25/locations/us-central1/repositories/gcf-artifacts 200
[debug] [2026-07-27T03:28:14.976Z] <<< [apiv2][body] PATCH https://artifactregistry.googleapis.com/v1/projects/lion-e7e25/locations/us-central1/repositories/gcf-artifacts {"name":"projects/lion-e7e25/locations/us-central1/repositories/gcf-artifacts","format":"DOCKER","description":"This repository is created and used by Cloud Functions for storing function docker images.","labels":{"goog-managed-by":"cloudfunctions"},"createTime":"2026-07-27T03:27:00.874518Z","updateTime":"2026-07-27T03:29:41.656687Z","mode":"STANDARD_REPOSITORY","cleanupPolicies":{"firebase-functions-cleanup":{"id":"firebase-functions-cleanup","action":"DELETE","condition":{"tagState":"ANY","olderThan":"604800s"}}},"vulnerabilityScanningConfig":{"lastEnableTime":"2026-07-27T03:26:48.419110004Z","enablementState":"SCANNING_DISABLED","enablementStateReason":"API containerscanning.googleapis.com is not enabled."},"satisfiesPzi":true}
[info] i  functions: Configured cleanup policy for repository in us-central1. 
[debug] [2026-07-27T03:28:14.976Z] Functions deploy failed.
[debug] [2026-07-27T03:28:14.976Z] {
  "endpoint": {
    "id": "submitWithdraw",
    "project": "lion-e7e25",
    "region": "us-central1",
    "entryPoint": "submitWithdraw",
    "platform": "gcfv2",
    "runtime": "nodejs24",
    "callableTrigger": {},
    "labels": {
      "deployment-tool": "cli-firebase"
    },
    "serviceAccount": null,
    "ingressSettings": null,
    "availableMemoryMb": null,
    "timeoutSeconds": null,
    "maxInstances": null,
    "minInstances": null,
    "concurrency": 80,
    "vpc": null,
    "environmentVariables": {
      "FIREBASE_CONFIG": "{\"projectId\":\"lion-e7e25\",\"databaseURL\":\"https://lion-e7e25-default-rtdb.firebaseio.com\",\"storageBucket\":\"lion-e7e25.firebasestorage.app\"}",
      "GCLOUD_PROJECT": "lion-e7e25",
      "EVENTARC_CLOUD_EVENT_SOURCE": "projects/lion-e7e25/locations/us-central1/services/submitWithdraw"
    },
    "codebase": "default",
    "cpu": 1,
    "targetedByOnly": false,
    "hash": "165a4ea733c830275c731091a192864a0491126e"
  },
  "op": "create",
  "original": {
    "name": "FirebaseError",
    "children": [],
    "exit": 1,
    "message": "Build failed with status: FAILURE and message: npm error code ERESOLVE\nnpm error ERESOLVE could not resolve\nnpm error\nnpm error While resolving: firebase-functions-test@3.5.0\nnpm error Found: firebase-functions@7.3.2-rc.0\nnpm error node_modules/firebase-functions\nnpm error   firebase-functions@\"^7.3.2-rc.0\" from the root project\nnpm error\nnpm error Could not resolve dependency:\nnpm error peer firebase-functions@\">=4.9.0\" from firebase-functions-test@3.5.0\nnpm error node_modules/firebase-functions-test\nnpm error   dev firebase-functions-test@\"^3.4.1\" from the root project\nnpm error\nnpm error Conflicting peer dependency: firebase-functions@7.3.0\nnpm error node_modules/firebase-functions\nnpm error   peer firebase-functions@\">=4.9.0\" from firebase-functions-test@3.5.0\nnpm error   node_modules/firebase-functions-test\nnpm error     dev firebase-functions-test@\"^3.4.1\" from the root project\nnpm error\nnpm error Fix the upstream dependency conflict, or retry this command with --force or --legacy-peer-deps to accept an incorrect (and potentially broken) dependency resolution.\nnpm error\nnpm error\nnpm error For a full report see:\nnpm error /www-data-home/.npm/_logs/2026-07-27T03_27_16_879Z-eresolve-report.txt\nnpm error A complete log of this run can be found in: /www-data-home/.npm/_logs/2026-07-27T03_27_16_879Z-debug-0.log. For more details see the logs at https://console.cloud.google.com/cloud-build/builds;region=us-central1/fbb1ea97-5abb-44e0-a6f4-686763042151?project=411435734882.",
    "original": {
      "code": 3,
      "message": "Build failed with status: FAILURE and message: npm error code ERESOLVE\nnpm error ERESOLVE could not resolve\nnpm error\nnpm error While resolving: firebase-functions-test@3.5.0\nnpm error Found: firebase-functions@7.3.2-rc.0\nnpm error node_modules/firebase-functions\nnpm error   firebase-functions@\"^7.3.2-rc.0\" from the root project\nnpm error\nnpm error Could not resolve dependency:\nnpm error peer firebase-functions@\">=4.9.0\" from firebase-functions-test@3.5.0\nnpm error node_modules/firebase-functions-test\nnpm error   dev firebase-functions-test@\"^3.4.1\" from the root project\nnpm error\nnpm error Conflicting peer dependency: firebase-functions@7.3.0\nnpm error node_modules/firebase-functions\nnpm error   peer firebase-functions@\">=4.9.0\" from firebase-functions-test@3.5.0\nnpm error   node_modules/firebase-functions-test\nnpm error     dev firebase-functions-test@\"^3.4.1\" from the root project\nnpm error\nnpm error Fix the upstream dependency conflict, or retry this command with --force or --legacy-peer-deps to accept an incorrect (and potentially broken) dependency resolution.\nnpm error\nnpm error\nnpm error For a full report see:\nnpm error /www-data-home/.npm/_logs/2026-07-27T03_27_16_879Z-eresolve-report.txt\nnpm error A complete log of this run can be found in: /www-data-home/.npm/_logs/2026-07-27T03_27_16_879Z-debug-0.log. For more details see the logs at https://console.cloud.google.com/cloud-build/builds;region=us-central1/fbb1ea97-5abb-44e0-a6f4-686763042151?project=411435734882."
    },
    "status": 3,
    "code": 3
  }
}
[debug] [2026-07-27T03:28:14.976Z] {
  "endpoint": {
    "id": "submitDeposit",
    "project": "lion-e7e25",
    "region": "us-central1",
    "entryPoint": "submitDeposit",
    "platform": "gcfv2",
    "runtime": "nodejs24",
    "callableTrigger": {},
    "labels": {
      "deployment-tool": "cli-firebase"
    },
    "serviceAccount": null,
    "ingressSettings": null,
    "availableMemoryMb": null,
    "timeoutSeconds": null,
    "maxInstances": null,
    "minInstances": null,
    "concurrency": 80,
    "vpc": null,
    "environmentVariables": {
      "FIREBASE_CONFIG": "{\"projectId\":\"lion-e7e25\",\"databaseURL\":\"https://lion-e7e25-default-rtdb.firebaseio.com\",\"storageBucket\":\"lion-e7e25.firebasestorage.app\"}",
      "GCLOUD_PROJECT": "lion-e7e25",
      "EVENTARC_CLOUD_EVENT_SOURCE": "projects/lion-e7e25/locations/us-central1/services/submitDeposit"
    },
    "codebase": "default",
    "cpu": 1,
    "targetedByOnly": false,
    "hash": "165a4ea733c830275c731091a192864a0491126e"
  },
  "op": "create",
  "original": {
    "name": "FirebaseError",
    "children": [],
    "exit": 1,
    "message": "Build failed with status: FAILURE and message: npm error code ERESOLVE\nnpm error ERESOLVE could not resolve\nnpm error\nnpm error While resolving: firebase-functions-test@3.5.0\nnpm error Found: firebase-functions@7.3.2-rc.0\nnpm error node_modules/firebase-functions\nnpm error   firebase-functions@\"^7.3.2-rc.0\" from the root project\nnpm error\nnpm error Could not resolve dependency:\nnpm error peer firebase-functions@\">=4.9.0\" from firebase-functions-test@3.5.0\nnpm error node_modules/firebase-functions-test\nnpm error   dev firebase-functions-test@\"^3.4.1\" from the root project\nnpm error\nnpm error Conflicting peer dependency: firebase-functions@7.3.0\nnpm error node_modules/firebase-functions\nnpm error   peer firebase-functions@\">=4.9.0\" from firebase-functions-test@3.5.0\nnpm error   node_modules/firebase-functions-test\nnpm error     dev firebase-functions-test@\"^3.4.1\" from the root project\nnpm error\nnpm error Fix the upstream dependency conflict, or retry this command with --force or --legacy-peer-deps to accept an incorrect (and potentially broken) dependency resolution.\nnpm error\nnpm error\nnpm error For a full report see:\nnpm error /www-data-home/.npm/_logs/2026-07-27T03_28_02_753Z-eresolve-report.txt\nnpm error A complete log of this run can be found in: /www-data-home/.npm/_logs/2026-07-27T03_28_02_753Z-debug-0.log. For more details see the logs at https://console.cloud.google.com/cloud-build/builds;region=us-central1/17a69e4f-cb6c-45d2-91dd-84e4a4d6c8fa?project=411435734882.",
    "original": {
      "code": 3,
      "message": "Build failed with status: FAILURE and message: npm error code ERESOLVE\nnpm error ERESOLVE could not resolve\nnpm error\nnpm error While resolving: firebase-functions-test@3.5.0\nnpm error Found: firebase-functions@7.3.2-rc.0\nnpm error node_modules/firebase-functions\nnpm error   firebase-functions@\"^7.3.2-rc.0\" from the root project\nnpm error\nnpm error Could not resolve dependency:\nnpm error peer firebase-functions@\">=4.9.0\" from firebase-functions-test@3.5.0\nnpm error node_modules/firebase-functions-test\nnpm error   dev firebase-functions-test@\"^3.4.1\" from the root project\nnpm error\nnpm error Conflicting peer dependency: firebase-functions@7.3.0\nnpm error node_modules/firebase-functions\nnpm error   peer firebase-functions@\">=4.9.0\" from firebase-functions-test@3.5.0\nnpm error   node_modules/firebase-functions-test\nnpm error     dev firebase-functions-test@\"^3.4.1\" from the root project\nnpm error\nnpm error Fix the upstream dependency conflict, or retry this command with --force or --legacy-peer-deps to accept an incorrect (and potentially broken) dependency resolution.\nnpm error\nnpm error\nnpm error For a full report see:\nnpm error /www-data-home/.npm/_logs/2026-07-27T03_28_02_753Z-eresolve-report.txt\nnpm error A complete log of this run can be found in: /www-data-home/.npm/_logs/2026-07-27T03_28_02_753Z-debug-0.log. For more details see the logs at https://console.cloud.google.com/cloud-build/builds;region=us-central1/17a69e4f-cb6c-45d2-91dd-84e4a4d6c8fa?project=411435734882."
    },
    "status": 3,
    "code": 3
  }
}
[debug] [2026-07-27T03:28:14.976Z] {
  "endpoint": {
    "id": "processVideoTask",
    "project": "lion-e7e25",
    "region": "us-central1",
    "entryPoint": "processVideoTask",
    "platform": "gcfv2",
    "runtime": "nodejs24",
    "callableTrigger": {},
    "labels": {
      "deployment-tool": "cli-firebase"
    },
    "serviceAccount": null,
    "ingressSettings": null,
    "availableMemoryMb": null,
    "timeoutSeconds": null,
    "maxInstances": null,
    "minInstances": null,
    "concurrency": 80,
    "vpc": null,
    "environmentVariables": {
      "FIREBASE_CONFIG": "{\"projectId\":\"lion-e7e25\",\"databaseURL\":\"https://lion-e7e25-default-rtdb.firebaseio.com\",\"storageBucket\":\"lion-e7e25.firebasestorage.app\"}",
      "GCLOUD_PROJECT": "lion-e7e25",
      "EVENTARC_CLOUD_EVENT_SOURCE": "projects/lion-e7e25/locations/us-central1/services/processVideoTask"
    },
    "codebase": "default",
    "cpu": 1,
    "targetedByOnly": false,
    "hash": "165a4ea733c830275c731091a192864a0491126e"
  },
  "op": "create",
  "original": {
    "name": "FirebaseError",
    "children": [],
    "exit": 1,
    "message": "Build failed with status: FAILURE and message: npm error code ERESOLVE\nnpm error ERESOLVE could not resolve\nnpm error\nnpm error While resolving: firebase-functions-test@3.5.0\nnpm error Found: firebase-functions@7.3.2-rc.0\nnpm error node_modules/firebase-functions\nnpm error   firebase-functions@\"^7.3.2-rc.0\" from the root project\nnpm error\nnpm error Could not resolve dependency:\nnpm error peer firebase-functions@\">=4.9.0\" from firebase-functions-test@3.5.0\nnpm error node_modules/firebase-functions-test\nnpm error   dev firebase-functions-test@\"^3.4.1\" from the root project\nnpm error\nnpm error Conflicting peer dependency: firebase-functions@7.3.0\nnpm error node_modules/firebase-functions\nnpm error   peer firebase-functions@\">=4.9.0\" from firebase-functions-test@3.5.0\nnpm error   node_modules/firebase-functions-test\nnpm error     dev firebase-functions-test@\"^3.4.1\" from the root project\nnpm error\nnpm error Fix the upstream dependency conflict, or retry this command with --force or --legacy-peer-deps to accept an incorrect (and potentially broken) dependency resolution.\nnpm error\nnpm error\nnpm error For a full report see:\nnpm error /www-data-home/.npm/_logs/2026-07-27T03_28_03_576Z-eresolve-report.txt\nnpm error A complete log of this run can be found in: /www-data-home/.npm/_logs/2026-07-27T03_28_03_576Z-debug-0.log. For more details see the logs at https://console.cloud.google.com/cloud-build/builds;region=us-central1/9f55a9fd-3ba8-48de-83b9-dc0a3de62ffe?project=411435734882.",
    "original": {
      "code": 3,
      "message": "Build failed with status: FAILURE and message: npm error code ERESOLVE\nnpm error ERESOLVE could not resolve\nnpm error\nnpm error While resolving: firebase-functions-test@3.5.0\nnpm error Found: firebase-functions@7.3.2-rc.0\nnpm error node_modules/firebase-functions\nnpm error   firebase-functions@\"^7.3.2-rc.0\" from the root project\nnpm error\nnpm error Could not resolve dependency:\nnpm error peer firebase-functions@\">=4.9.0\" from firebase-functions-test@3.5.0\nnpm error node_modules/firebase-functions-test\nnpm error   dev firebase-functions-test@\"^3.4.1\" from the root project\nnpm error\nnpm error Conflicting peer dependency: firebase-functions@7.3.0\nnpm error node_modules/firebase-functions\nnpm error   peer firebase-functions@\">=4.9.0\" from firebase-functions-test@3.5.0\nnpm error   node_modules/firebase-functions-test\nnpm error     dev firebase-functions-test@\"^3.4.1\" from the root project\nnpm error\nnpm error Fix the upstream dependency conflict, or retry this command with --force or --legacy-peer-deps to accept an incorrect (and potentially broken) dependency resolution.\nnpm error\nnpm error\nnpm error For a full report see:\nnpm error /www-data-home/.npm/_logs/2026-07-27T03_28_03_576Z-eresolve-report.txt\nnpm error A complete log of this run can be found in: /www-data-home/.npm/_logs/2026-07-27T03_28_03_576Z-debug-0.log. For more details see the logs at https://console.cloud.google.com/cloud-build/builds;region=us-central1/9f55a9fd-3ba8-48de-83b9-dc0a3de62ffe?project=411435734882."
    },
    "status": 3,
    "code": 3
  }
}
[debug] [2026-07-27T03:28:14.976Z] {
  "endpoint": {
    "id": "checkPendingPassword",
    "project": "lion-e7e25",
    "region": "us-central1",
    "entryPoint": "checkPendingPassword",
    "platform": "gcfv2",
    "runtime": "nodejs24",
    "callableTrigger": {},
    "labels": {
      "deployment-tool": "cli-firebase"
    },
    "serviceAccount": null,
    "ingressSettings": null,
    "availableMemoryMb": null,
    "timeoutSeconds": null,
    "maxInstances": null,
    "minInstances": null,
    "concurrency": 80,
    "vpc": null,
    "environmentVariables": {
      "FIREBASE_CONFIG": "{\"projectId\":\"lion-e7e25\",\"databaseURL\":\"https://lion-e7e25-default-rtdb.firebaseio.com\",\"storageBucket\":\"lion-e7e25.firebasestorage.app\"}",
      "GCLOUD_PROJECT": "lion-e7e25",
      "EVENTARC_CLOUD_EVENT_SOURCE": "projects/lion-e7e25/locations/us-central1/services/checkPendingPassword"
    },
    "codebase": "default",
    "cpu": 1,
    "targetedByOnly": false,
    "hash": "165a4ea733c830275c731091a192864a0491126e"
  },
  "op": "create",
  "original": {
    "name": "FirebaseError",
    "children": [],
    "exit": 1,
    "message": "Build failed with status: FAILURE and message: npm error code ERESOLVE\nnpm error ERESOLVE could not resolve\nnpm error\nnpm error While resolving: firebase-functions-test@3.5.0\nnpm error Found: firebase-functions@7.3.2-rc.0\nnpm error node_modules/firebase-functions\nnpm error   firebase-functions@\"^7.3.2-rc.0\" from the root project\nnpm error\nnpm error Could not resolve dependency:\nnpm error peer firebase-functions@\">=4.9.0\" from firebase-functions-test@3.5.0\nnpm error node_modules/firebase-functions-test\nnpm error   dev firebase-functions-test@\"^3.4.1\" from the root project\nnpm error\nnpm error Conflicting peer dependency: firebase-functions@7.3.0\nnpm error node_modules/firebase-functions\nnpm error   peer firebase-functions@\">=4.9.0\" from firebase-functions-test@3.5.0\nnpm error   node_modules/firebase-functions-test\nnpm error     dev firebase-functions-test@\"^3.4.1\" from the root project\nnpm error\nnpm error Fix the upstream dependency conflict, or retry this command with --force or --legacy-peer-deps to accept an incorrect (and potentially broken) dependency resolution.\nnpm error\nnpm error\nnpm error For a full report see:\nnpm error /www-data-home/.npm/_logs/2026-07-27T03_28_04_873Z-eresolve-report.txt\nnpm error A complete log of this run can be found in: /www-data-home/.npm/_logs/2026-07-27T03_28_04_873Z-debug-0.log. For more details see the logs at https://console.cloud.google.com/cloud-build/builds;region=us-central1/931bb83b-6003-4656-82b2-9de600ef47ee?project=411435734882.",
    "original": {
      "code": 3,
      "message": "Build failed with status: FAILURE and message: npm error code ERESOLVE\nnpm error ERESOLVE could not resolve\nnpm error\nnpm error While resolving: firebase-functions-test@3.5.0\nnpm error Found: firebase-functions@7.3.2-rc.0\nnpm error node_modules/firebase-functions\nnpm error   firebase-functions@\"^7.3.2-rc.0\" from the root project\nnpm error\nnpm error Could not resolve dependency:\nnpm error peer firebase-functions@\">=4.9.0\" from firebase-functions-test@3.5.0\nnpm error node_modules/firebase-functions-test\nnpm error   dev firebase-functions-test@\"^3.4.1\" from the root project\nnpm error\nnpm error Conflicting peer dependency: firebase-functions@7.3.0\nnpm error node_modules/firebase-functions\nnpm error   peer firebase-functions@\">=4.9.0\" from firebase-functions-test@3.5.0\nnpm error   node_modules/firebase-functions-test\nnpm error     dev firebase-functions-test@\"^3.4.1\" from the root project\nnpm error\nnpm error Fix the upstream dependency conflict, or retry this command with --force or --legacy-peer-deps to accept an incorrect (and potentially broken) dependency resolution.\nnpm error\nnpm error\nnpm error For a full report see:\nnpm error /www-data-home/.npm/_logs/2026-07-27T03_28_04_873Z-eresolve-report.txt\nnpm error A complete log of this run can be found in: /www-data-home/.npm/_logs/2026-07-27T03_28_04_873Z-debug-0.log. For more details see the logs at https://console.cloud.google.com/cloud-build/builds;region=us-central1/931bb83b-6003-4656-82b2-9de600ef47ee?project=411435734882."
    },
    "status": 3,
    "code": 3
  }
}
[debug] [2026-07-27T03:28:14.977Z] {
  "endpoint": {
    "id": "adminApproveTransaction",
    "project": "lion-e7e25",
    "region": "us-central1",
    "entryPoint": "adminApproveTransaction",
    "platform": "gcfv2",
    "runtime": "nodejs24",
    "callableTrigger": {},
    "labels": {
      "deployment-tool": "cli-firebase"
    },
    "serviceAccount": null,
    "ingressSettings": null,
    "availableMemoryMb": null,
    "timeoutSeconds": null,
    "maxInstances": null,
    "minInstances": null,
    "concurrency": 80,
    "vpc": null,
    "environmentVariables": {
      "FIREBASE_CONFIG": "{\"projectId\":\"lion-e7e25\",\"databaseURL\":\"https://lion-e7e25-default-rtdb.firebaseio.com\",\"storageBucket\":\"lion-e7e25.firebasestorage.app\"}",
      "GCLOUD_PROJECT": "lion-e7e25",
      "EVENTARC_CLOUD_EVENT_SOURCE": "projects/lion-e7e25/locations/us-central1/services/adminApproveTransaction"
    },
    "codebase": "default",
    "cpu": 1,
    "targetedByOnly": false,
    "hash": "165a4ea733c830275c731091a192864a0491126e"
  },
  "op": "create",
  "original": {
    "name": "FirebaseError",
    "children": [],
    "exit": 1,
    "message": "Build failed with status: FAILURE and message: npm error code ERESOLVE\nnpm error ERESOLVE could not resolve\nnpm error\nnpm error While resolving: firebase-functions-test@3.5.0\nnpm error Found: firebase-functions@7.3.2-rc.0\nnpm error node_modules/firebase-functions\nnpm error   firebase-functions@\"^7.3.2-rc.0\" from the root project\nnpm error\nnpm error Could not resolve dependency:\nnpm error peer firebase-functions@\">=4.9.0\" from firebase-functions-test@3.5.0\nnpm error node_modules/firebase-functions-test\nnpm error   dev firebase-functions-test@\"^3.4.1\" from the root project\nnpm error\nnpm error Conflicting peer dependency: firebase-functions@7.3.0\nnpm error node_modules/firebase-functions\nnpm error   peer firebase-functions@\">=4.9.0\" from firebase-functions-test@3.5.0\nnpm error   node_modules/firebase-functions-test\nnpm error     dev firebase-functions-test@\"^3.4.1\" from the root project\nnpm error\nnpm error Fix the upstream dependency conflict, or retry this command with --force or --legacy-peer-deps to accept an incorrect (and potentially broken) dependency resolution.\nnpm error\nnpm error\nnpm error For a full report see:\nnpm error /www-data-home/.npm/_logs/2026-07-27T03_28_04_078Z-eresolve-report.txt\nnpm error A complete log of this run can be found in: /www-data-home/.npm/_logs/2026-07-27T03_28_04_078Z-debug-0.log. For more details see the logs at https://console.cloud.google.com/cloud-build/builds;region=us-central1/912a657a-f094-4937-b873-8f76336f4dd2?project=411435734882.",
    "original": {
      "code": 3,
      "message": "Build failed with status: FAILURE and message: npm error code ERESOLVE\nnpm error ERESOLVE could not resolve\nnpm error\nnpm error While resolving: firebase-functions-test@3.5.0\nnpm error Found: firebase-functions@7.3.2-rc.0\nnpm error node_modules/firebase-functions\nnpm error   firebase-functions@\"^7.3.2-rc.0\" from the root project\nnpm error\nnpm error Could not resolve dependency:\nnpm error peer firebase-functions@\">=4.9.0\" from firebase-functions-test@3.5.0\nnpm error node_modules/firebase-functions-test\nnpm error   dev firebase-functions-test@\"^3.4.1\" from the root project\nnpm error\nnpm error Conflicting peer dependency: firebase-functions@7.3.0\nnpm error node_modules/firebase-functions\nnpm error   peer firebase-functions@\">=4.9.0\" from firebase-functions-test@3.5.0\nnpm error   node_modules/firebase-functions-test\nnpm error     dev firebase-functions-test@\"^3.4.1\" from the root project\nnpm error\nnpm error Fix the upstream dependency conflict, or retry this command with --force or --legacy-peer-deps to accept an incorrect (and potentially broken) dependency resolution.\nnpm error\nnpm error\nnpm error For a full report see:\nnpm error /www-data-home/.npm/_logs/2026-07-27T03_28_04_078Z-eresolve-report.txt\nnpm error A complete log of this run can be found in: /www-data-home/.npm/_logs/2026-07-27T03_28_04_078Z-debug-0.log. For more details see the logs at https://console.cloud.google.com/cloud-build/builds;region=us-central1/912a657a-f094-4937-b873-8f76336f4dd2?project=411435734882."
    },
    "status": 3,
    "code": 3
  }
}
[debug] [2026-07-27T03:28:14.977Z] {
  "endpoint": {
    "id": "adminRejectTransaction",
    "project": "lion-e7e25",
    "region": "us-central1",
    "entryPoint": "adminRejectTransaction",
    "platform": "gcfv2",
    "runtime": "nodejs24",
    "callableTrigger": {},
    "labels": {
      "deployment-tool": "cli-firebase"
    },
    "serviceAccount": null,
    "ingressSettings": null,
    "availableMemoryMb": null,
    "timeoutSeconds": null,
    "maxInstances": null,
    "minInstances": null,
    "concurrency": 80,
    "vpc": null,
    "environmentVariables": {
      "FIREBASE_CONFIG": "{\"projectId\":\"lion-e7e25\",\"databaseURL\":\"https://lion-e7e25-default-rtdb.firebaseio.com\",\"storageBucket\":\"lion-e7e25.firebasestorage.app\"}",
      "GCLOUD_PROJECT": "lion-e7e25",
      "EVENTARC_CLOUD_EVENT_SOURCE": "projects/lion-e7e25/locations/us-central1/services/adminRejectTransaction"
    },
    "codebase": "default",
    "cpu": 1,
    "targetedByOnly": false,
    "hash": "165a4ea733c830275c731091a192864a0491126e"
  },
  "op": "create",
  "original": {
    "name": "FirebaseError",
    "children": [],
    "exit": 1,
    "message": "Build failed with status: FAILURE and message: npm error code ERESOLVE\nnpm error ERESOLVE could not resolve\nnpm error\nnpm error While resolving: firebase-functions-test@3.5.0\nnpm error Found: firebase-functions@7.3.2-rc.0\nnpm error node_modules/firebase-functions\nnpm error   firebase-functions@\"^7.3.2-rc.0\" from the root project\nnpm error\nnpm error Could not resolve dependency:\nnpm error peer firebase-functions@\">=4.9.0\" from firebase-functions-test@3.5.0\nnpm error node_modules/firebase-functions-test\nnpm error   dev firebase-functions-test@\"^3.4.1\" from the root project\nnpm error\nnpm error Conflicting peer dependency: firebase-functions@7.3.0\nnpm error node_modules/firebase-functions\nnpm error   peer firebase-functions@\">=4.9.0\" from firebase-functions-test@3.5.0\nnpm error   node_modules/firebase-functions-test\nnpm error     dev firebase-functions-test@\"^3.4.1\" from the root project\nnpm error\nnpm error Fix the upstream dependency conflict, or retry this command with --force or --legacy-peer-deps to accept an incorrect (and potentially broken) dependency resolution.\nnpm error\nnpm error\nnpm error For a full report see:\nnpm error /www-data-home/.npm/_logs/2026-07-27T03_28_03_098Z-eresolve-report.txt\nnpm error A complete log of this run can be found in: /www-data-home/.npm/_logs/2026-07-27T03_28_03_098Z-debug-0.log. For more details see the logs at https://console.cloud.google.com/cloud-build/builds;region=us-central1/18ce9598-ef6c-4102-97bc-ef3e3131187c?project=411435734882.",
    "original": {
      "code": 3,
      "message": "Build failed with status: FAILURE and message: npm error code ERESOLVE\nnpm error ERESOLVE could not resolve\nnpm error\nnpm error While resolving: firebase-functions-test@3.5.0\nnpm error Found: firebase-functions@7.3.2-rc.0\nnpm error node_modules/firebase-functions\nnpm error   firebase-functions@\"^7.3.2-rc.0\" from the root project\nnpm error\nnpm error Could not resolve dependency:\nnpm error peer firebase-functions@\">=4.9.0\" from firebase-functions-test@3.5.0\nnpm error node_modules/firebase-functions-test\nnpm error   dev firebase-functions-test@\"^3.4.1\" from the root project\nnpm error\nnpm error Conflicting peer dependency: firebase-functions@7.3.0\nnpm error node_modules/firebase-functions\nnpm error   peer firebase-functions@\">=4.9.0\" from firebase-functions-test@3.5.0\nnpm error   node_modules/firebase-functions-test\nnpm error     dev firebase-functions-test@\"^3.4.1\" from the root project\nnpm error\nnpm error Fix the upstream dependency conflict, or retry this command with --force or --legacy-peer-deps to accept an incorrect (and potentially broken) dependency resolution.\nnpm error\nnpm error\nnpm error For a full report see:\nnpm error /www-data-home/.npm/_logs/2026-07-27T03_28_03_098Z-eresolve-report.txt\nnpm error A complete log of this run can be found in: /www-data-home/.npm/_logs/2026-07-27T03_28_03_098Z-debug-0.log. For more details see the logs at https://console.cloud.google.com/cloud-build/builds;region=us-central1/18ce9598-ef6c-4102-97bc-ef3e3131187c?project=411435734882."
    },
    "status": 3,
    "code": 3
  }
}
[debug] [2026-07-27T03:28:14.977Z] {
  "endpoint": {
    "id": "adminUpdateUserProfile",
    "project": "lion-e7e25",
    "region": "us-central1",
    "entryPoint": "adminUpdateUserProfile",
    "platform": "gcfv2",
    "runtime": "nodejs24",
    "callableTrigger": {},
    "labels": {
      "deployment-tool": "cli-firebase"
    },
    "serviceAccount": null,
    "ingressSettings": null,
    "availableMemoryMb": null,
    "timeoutSeconds": null,
    "maxInstances": null,
    "minInstances": null,
    "concurrency": 80,
    "vpc": null,
    "environmentVariables": {
      "FIREBASE_CONFIG": "{\"projectId\":\"lion-e7e25\",\"databaseURL\":\"https://lion-e7e25-default-rtdb.firebaseio.com\",\"storageBucket\":\"lion-e7e25.firebasestorage.app\"}",
      "GCLOUD_PROJECT": "lion-e7e25",
      "EVENTARC_CLOUD_EVENT_SOURCE": "projects/lion-e7e25/locations/us-central1/services/adminUpdateUserProfile"
    },
    "codebase": "default",
    "cpu": 1,
    "targetedByOnly": false,
    "hash": "165a4ea733c830275c731091a192864a0491126e"
  },
  "op": "create",
  "original": {
    "name": "FirebaseError",
    "children": [],
    "exit": 1,
    "message": "Build failed with status: FAILURE and message: npm error code ERESOLVE\nnpm error ERESOLVE could not resolve\nnpm error\nnpm error While resolving: firebase-functions-test@3.5.0\nnpm error Found: firebase-functions@7.3.2-rc.0\nnpm error node_modules/firebase-functions\nnpm error   firebase-functions@\"^7.3.2-rc.0\" from the root project\nnpm error\nnpm error Could not resolve dependency:\nnpm error peer firebase-functions@\">=4.9.0\" from firebase-functions-test@3.5.0\nnpm error node_modules/firebase-functions-test\nnpm error   dev firebase-functions-test@\"^3.4.1\" from the root project\nnpm error\nnpm error Conflicting peer dependency: firebase-functions@7.3.0\nnpm error node_modules/firebase-functions\nnpm error   peer firebase-functions@\">=4.9.0\" from firebase-functions-test@3.5.0\nnpm error   node_modules/firebase-functions-test\nnpm error     dev firebase-functions-test@\"^3.4.1\" from the root project\nnpm error\nnpm error Fix the upstream dependency conflict, or retry this command with --force or --legacy-peer-deps to accept an incorrect (and potentially broken) dependency resolution.\nnpm error\nnpm error\nnpm error For a full report see:\nnpm error /www-data-home/.npm/_logs/2026-07-27T03_28_03_982Z-eresolve-report.txt\nnpm error A complete log of this run can be found in: /www-data-home/.npm/_logs/2026-07-27T03_28_03_982Z-debug-0.log. For more details see the logs at https://console.cloud.google.com/cloud-build/builds;region=us-central1/27ec3ff3-4a81-4732-a73d-a9fa3b5db5a6?project=411435734882.",
    "original": {
      "code": 3,
      "message": "Build failed with status: FAILURE and message: npm error code ERESOLVE\nnpm error ERESOLVE could not resolve\nnpm error\nnpm error While resolving: firebase-functions-test@3.5.0\nnpm error Found: firebase-functions@7.3.2-rc.0\nnpm error node_modules/firebase-functions\nnpm error   firebase-functions@\"^7.3.2-rc.0\" from the root project\nnpm error\nnpm error Could not resolve dependency:\nnpm error peer firebase-functions@\">=4.9.0\" from firebase-functions-test@3.5.0\nnpm error node_modules/firebase-functions-test\nnpm error   dev firebase-functions-test@\"^3.4.1\" from the root project\nnpm error\nnpm error Conflicting peer dependency: firebase-functions@7.3.0\nnpm error node_modules/firebase-functions\nnpm error   peer firebase-functions@\">=4.9.0\" from firebase-functions-test@3.5.0\nnpm error   node_modules/firebase-functions-test\nnpm error     dev firebase-functions-test@\"^3.4.1\" from the root project\nnpm error\nnpm error Fix the upstream dependency conflict, or retry this command with --force or --legacy-peer-deps to accept an incorrect (and potentially broken) dependency resolution.\nnpm error\nnpm error\nnpm error For a full report see:\nnpm error /www-data-home/.npm/_logs/2026-07-27T03_28_03_982Z-eresolve-report.txt\nnpm error A complete log of this run can be found in: /www-data-home/.npm/_logs/2026-07-27T03_28_03_982Z-debug-0.log. For more details see the logs at https://console.cloud.google.com/cloud-build/builds;region=us-central1/27ec3ff3-4a81-4732-a73d-a9fa3b5db5a6?project=411435734882."
    },
    "status": 3,
    "code": 3
  }
}
[error] Error: There was an error deploying functions:
[error] - Error Failed to create function submitWithdraw in region us-central1
[error] - Error Failed to create function submitDeposit in region us-central1
[error] - Error Failed to create function processVideoTask in region us-central1
[error] - Error Failed to create function checkPendingPassword in region us-central1
[error] - Error Failed to create function adminApproveTransaction in region us-central1
[error] - Error Failed to create function adminRejectTransaction in region us-central1
[error] - Error Failed to create function adminUpdateUserProfile in region us-central1
